date,symbol,vol_today,avg5,break5,ratio5
2026-02-02,SET:ITC,6234336.0,3417156.4,True,1.8244222008685351
2026-02-02,SET:SPC,5790.0,3345.0,True,1.7309417040358743
2026-02-02,SET:TOA,2654732.0,1565538.2,True,1.695731218823022
2026-02-02,SET:TCAP,4244461.0,3082127.4,True,1.3771205564052933
2026-02-02,SET:TU,13432258.0,10875810.6,True,1.2350581022438916
2026-02-02,SET:RCL,1398872.0,1171195.8,True,1.1943963596863991
2026-02-02,SET:MINT,18612168.0,15621195.4,True,1.1914688679971317
2026-02-02,SET:BLA,2440056.0,2154184.4,True,1.1327052595868767
2026-02-02,SET:STGT,5305473.0,4741055.2,True,1.119048983019645
2026-02-02,SET:COM7,15618369.0,14216324.2,True,1.0986221740778817
2026-02-02,SET:SPI,2000.0,1846.6,True,1.0830715910321673
2026-02-02,SET:THAI,22418996.0,20849985.0,True,1.0752523802774918
2026-01-30,SET:THAI,54966459.0,12409269.6,True,4.429467710170468
2026-01-30,SET:ITC,8094232.0,2441098.2,True,3.3158158078196114
2026-01-30,SET:BLA,4280263.0,1514321.6,True,2.826521790351534
2026-01-30,SET:TFG,34036134.0,13845011.4,True,2.4583680732830597
2026-01-30,SET:STGT,10235805.0,4294771.0,True,2.3833179929733155
2026-01-30,SET:BEM,35282302.0,15507902.2,True,2.2751176493749106
2026-01-30,SET:RCL,2235415.0,987262.6,True,2.264255730947369
2026-01-30,SET:BKIH,13919.0,6707.4,True,2.07517070698035
2026-01-30,SET:COM7,22976605.0,11440547.6,True,2.008348359129243
2026-01-30,SET:HMPRO,65247780.0,33313105.6,True,1.9586219544778796
2026-01-30,SET:WHA,106191563.0,54284302.2,True,1.9562112562257454
2026-01-30,SET:OSP,15588141.0,8139891.6,True,1.9150305392273284
2026-01-30,SET:KTC,27234351.0,14598432.8,True,1.8655667613855098
2026-01-30,SET:BJC,12388944.0,7178898.6,True,1.7257443920436486
2026-01-30,SET:AOT,37780615.0,22568161.0,True,1.674067062885629
2026-01-30,SET:BANPU,98878936.0,59691590.6,True,1.656496920355143
2026-01-30,SET:LH,47052161.0,28768008.0,True,1.6355724386617245
2026-01-30,SET:TU,15124631.0,9816310.6,True,1.5407653258241443
2026-01-30,SET:KKP,8139028.0,5506654.8,True,1.4780349042398664
2026-01-30,SET:SCC,4802280.0,3348052.2,True,1.4343503963289461
2026-01-30,SET:TCAP,4235332.0,2973898.6,True,1.4241682618230493
2026-01-30,SET:CPALL,42026777.0,29517495.0,True,1.4237921273468497
2026-01-30,SET:BCPG,7491966.0,5336014.2,True,1.4040378678152692
2026-01-30,SET:TISCO,4018126.0,2877564.0,True,1.3963637298770766
2026-01-30,SET:TIDLOR,8365720.0,6116933.6,True,1.3676329591022536
2026-01-30,SET:KTB,45818595.0,34524537.2,True,1.327131330814769
2026-01-30,SET:ADVANC,7618698.0,5913427.6,True,1.28837258445508
2026-01-30,SET:CPF,20927035.0,16307839.8,True,1.2832499740400933
2026-01-30,SET:VIBHA,765485.0,612521.0,True,1.2497285807343748
2026-01-30,SET:TTW,3234448.0,2632603.0,True,1.2286121378726682
2026-01-30,SET:PTTGC,28832727.0,24773530.6,True,1.1638521559781227
2026-01-30,SET:MTC,8344187.0,7404223.2,True,1.1269496846070226
2026-01-30,SET:STA,4917636.0,4545995.2,True,1.0817512521790609
2026-01-30,SET:RATCH,2529589.0,2342363.0,True,1.0799303950754005
2026-01-30,SET:BCP,7790457.0,7347736.8,True,1.060252593696606
2026-01-30,SET:IRPC,71702435.0,67902269.6,True,1.0559652191655167
2026-01-30,SET:TOA,1515397.0,1436039.0,True,1.0552617303569054
2026-01-30,SET:JTS,515665.0,494712.4,True,1.0423530924229916
2026-01-30,SET:BPP,121708.0,120333.2,True,1.0114249434071396
2026-01-29,SET:PB,11947.0,2101.4,True,5.685257447416008
2026-01-29,SET:SPC,9103.0,2080.4,True,4.375600845991156
2026-01-29,SET:BCP,17013494.0,4951340.0,True,3.4361393077429545
2026-01-29,SET:BKIH,13200.0,5274.0,True,2.502844141069397
2026-01-29,SET:SCGP,34892764.0,15501833.0,True,2.2508798798180836
2026-01-29,SET:SCC,5575212.0,2803424.4,True,1.9887149444800438
2026-01-29,SET:KBANK,23518077.0,13853370.0,True,1.6976430283750452
2026-01-29,SET:SIRI,118142181.0,71556974.6,True,1.6510225825002949
2026-01-29,SET:PTT,122588227.0,77444723.6,True,1.5829125768872911
2026-01-29,SET:TTW,3297837.0,2271347.8,True,1.4519295547780047
2026-01-29,SET:BJC,9175472.0,6337652.4,True,1.4477714176940344
2026-01-29,SET:OR,46866246.0,32686586.4,True,1.4338066822419855
2026-01-29,SET:TOA,1923409.0,1393913.4,True,1.3798626227425608
2026-01-29,SET:TFG,18915526.0,14703076.6,True,1.2865012211117774
2026-01-29,SET:BBL,23408836.0,18650276.8,True,1.2551468405015844
2026-01-29,SET:KKP,6664566.0,5354381.0,True,1.2446940178519235
2026-01-29,SET:BCPG,6245086.0,5090698.4,True,1.2267640919367762
2026-01-29,SET:SCB,21237014.0,17420191.8,True,1.2191033396084652
2026-01-29,SET:TRUE,642869933.0,536037690.6,True,1.1992998706498046
2026-01-29,SET:COM7,13437134.0,11333406.2,True,1.185621847737179
2026-01-29,SET:BGRIM,13689561.0,11690134.4,True,1.1710353817660129
2026-01-29,SET:SPRC,32469678.0,27729923.8,True,1.1709256121360132
2026-01-29,SET:OSP,8815781.0,7861161.2,True,1.1214349605246614
2026-01-29,SET:SCCC,131768.0,118444.8,True,1.11248446533744
2026-01-29,SET:MEGA,1805347.0,1624570.0,True,1.1112768301766005
2026-01-29,SET:PLANB,17327114.0,15995585.6,True,1.0832434918794096
2026-01-29,SET:AEONTS,703189.0,651927.8,True,1.0786301795996427
2026-01-29,SET:KTC,14932097.0,14739906.2,True,1.0130388075332528
2026-01-29,SET:MBK,1292013.0,1280009.2,True,1.0093779013463342
2026-01-28,SET:IVL,79578058.0,19837547.8,True,4.0114866415091885
2026-01-28,SET:SCGP,39055858.0,10837495.2,True,3.603771653804285
2026-01-28,SET:BCP,10049148.0,4144613.4,True,2.424628555223028
2026-01-28,SET:SIRI,141958562.0,62609697.4,True,2.267357420577471
2026-01-28,SET:AP,22348271.0,10118140.2,True,2.2087330831806424
2026-01-28,SET:SPALI,9770700.0,4800940.8,True,2.0351636079328452
2026-01-28,SET:SPRC,49920258.0,24572468.6,True,2.031552417977248
2026-01-28,SET:BCPG,8626764.0,4368004.6,True,1.974989678353361
2026-01-28,SET:MRDIYT,8830974.0,4586632.2,True,1.925372171764721
2026-01-28,SET:JTS,842552.0,444554.4,True,1.8952731094327262
2026-01-28,SET:HMPRO,50208770.0,28927673.2,True,1.7356656946746758
2026-01-28,SET:BTG,5399161.0,3181441.2,True,1.6970802414955837
2026-01-28,SET:VIBHA,1554703.0,936687.6,True,1.6597881727056065
2026-01-28,SET:PTT,117815693.0,74956941.0,True,1.5717782960219788
2026-01-28,SET:PTTEP,22060152.0,14382570.2,True,1.5338115297361803
2026-01-28,SET:BLA,2240983.0,1521719.4,True,1.4726650655830504
2026-01-28,SET:KCE,19703395.0,13488279.6,True,1.4607789565690794
2026-01-28,SET:SPC,3701.0,2640.2,True,1.4017877433527763
2026-01-28,SET:COM7,15301058.0,11348217.6,True,1.3483225771067344
2026-01-28,SET:SPI,3900.0,2962.6,True,1.3164112603793965
2026-01-28,SET:TLI,34368468.0,27809235.4,True,1.2358652622286768
2026-01-28,SET:TFMAMA,4376.0,3576.4,True,1.22357678112068
2026-01-28,SET:TASCO,3510011.0,2942018.8,True,1.1930620565714944
2026-01-28,SET:CK,10268127.0,8625007.4,True,1.190506456840837
2026-01-28,SET:CREDIT,496591.0,423039.4,True,1.173864656578087
2026-01-28,SET:TOA,1731268.0,1495366.6,True,1.1577548943516593
2026-01-28,SET:RATCH,2819970.0,2478388.0,True,1.1378242631904285
2026-01-28,SET:BKIH,5625.0,4984.2,True,1.1285662694113399
2026-01-28,SET:CBG,2428297.0,2213223.0,True,1.0971768321583502
2026-01-28,SET:LHFG,6918096.0,6385195.4,True,1.0834587771581743
2026-01-28,SET:IRPC,76740680.0,73555962.2,True,1.0432965283132412
2026-01-28,SET:BA,5265871.0,5169274.4,True,1.0186866845373888
2026-01-28,SET:AEONTS,719580.0,707209.4,True,1.0174921317505112
2026-01-27,SET:GPSC,13768910.0,6661010.0,True,2.0670904262266534
2026-01-27,SET:BKIH,7621.0,4103.4,True,1.8572403372812791
2026-01-27,SET:SCB,26846737.0,14876107.2,True,1.804688325988939
2026-01-27,SET:TCAP,4859942.0,2785339.2,True,1.744829498683679
2026-01-27,SET:SPRC,35462885.0,21438810.8,True,1.6541442214695976
2026-01-27,SET:PTT,122230841.0,74162514.4,True,1.6481485557614803
2026-01-27,SET:CENTEL,7168743.0,4563860.2,True,1.570763057115553
2026-01-27,SET:SCC,3966091.0,2623052.6,True,1.5120135219552975
2026-01-27,SET:SPALI,6557355.0,4403798.6,True,1.4890224543874464
2026-01-27,SET:BJC,9616951.0,6657051.6,True,1.4446261765493902
2026-01-27,SET:PB,3760.0,2733.8,True,1.3753749359865388
2026-01-27,SET:CCET,54293062.0,39518397.8,True,1.3738679962374387
2026-01-27,SET:BGRIM,14912797.0,11180311.4,True,1.3338445117011677
2026-01-27,SET:TOA,1748247.0,1319666.2,True,1.3247645503082521
2026-01-27,SET:ADVANC,7852667.0,6069618.4,True,1.2937661781175567
2026-01-27,SET:AOT,31537930.0,25250933.8,True,1.2489807406647273
2026-01-27,SET:TTW,3267655.0,2697405.8,True,1.211406529933316
2026-01-27,SET:MRDIYT,4798668.0,4089701.2,True,1.1733541804961203
2026-01-27,SET:SCGP,12454747.0,10693674.8,True,1.1646835379733074
2026-01-27,SET:TTB,477063603.0,413584285.4,True,1.1534858064991655
2026-01-27,SET:COM7,13401652.0,11739008.4,True,1.1416340753278615
2026-01-27,SET:AP,10109949.0,8923721.0,True,1.1329297498207307
2026-01-27,SET:KKP,7142287.0,6522129.2,True,1.0950851755589264
2026-01-27,SET:AEONTS,775835.0,714224.0,True,1.0862628531105087
2026-01-27,SET:AWC,89331302.0,82735170.4,True,1.0797258477635285
2026-01-27,SET:CPALL,36004969.0,33842971.6,True,1.0638832022658435
2026-01-27,SET:TASCO,3131933.0,2972244.8,True,1.0537264629077658
2026-01-27,SET:BAY,282146.0,269683.8,True,1.0462104138253763
2026-01-27,SET:PLANB,18681644.0,17861098.6,True,1.045940365616704
2026-01-27,SET:CPAXT,12586367.0,12056484.0,True,1.043950043810451
2026-01-27,SET:MTC,12330939.0,11866408.8,True,1.0391466540407743
2026-01-27,SET:RATCH,2883036.0,2779324.0,True,1.0373155486729866
2026-01-27,SET:CRC,17009353.0,16565445.2,True,1.0267972152055413
2026-01-27,SET:IVL,21437565.0,20888931.0,True,1.0262643406692282
2026-01-27,SET:DELTA,25814211.0,25184481.0,True,1.0250046844324487
2026-01-27,SET:HMPRO,33002264.0,32305635.4,True,1.021563686687308
2026-01-27,SET:PTTGC,32119827.0,31450241.4,True,1.02129031670962
2026-01-27,SET:WHA,78931359.0,78593412.4,True,1.0042999354485338
2026-01-26,SET:SCB,26993731.0,10736376.4,True,2.5142310584416543
2026-01-26,SET:BGRIM,17925866.0,9019571.0,True,1.9874410878300088
2026-01-26,SET:TASCO,5121236.0,2638778.6,True,1.9407600167744272
2026-01-26,SET:TTW,3978434.0,2143230.8,True,1.8562788478030459
2026-01-26,SET:BAY,382490.0,224299.6,True,1.705263852454485
2026-01-26,SET:STGT,6320089.0,3727795.8,True,1.6953957081018227
2026-01-26,SET:TLI,37334876.0,23198436.4,True,1.609370362564608
2026-01-26,SET:OR,50408338.0,33096478.8,True,1.523072539064186
2026-01-26,SET:AMATA,16131921.0,10985176.4,True,1.4685172465687488
2026-01-26,SET:MRDIYT,4960444.0,3617386.8,True,1.371278294043645
2026-01-26,SET:SCC,3560707.0,2596693.4,True,1.371246601543332
2026-01-26,SET:CCET,50489080.0,38061316.2,True,1.3265195490007777
2026-01-26,SET:LHFG,7369315.0,5598866.8,True,1.3162154527412584
2026-01-26,SET:PTTEP,16373969.0,12589433.4,True,1.3006120672595163
2026-01-26,SET:MBK,1931243.0,1501555.2,True,1.2861618407368574
2026-01-26,SET:IRPC,87597981.0,69493827.4,True,1.2605145561460325
2026-01-26,SET:KKP,6934857.0,5611319.0,True,1.2358693205643807
2026-01-26,SET:BA,6297252.0,5324452.2,True,1.1827042038240103
2026-01-26,SET:KTC,17877135.0,16176087.0,True,1.1051581881328902
2026-01-26,SET:TTB,426180582.0,393469677.4,True,1.0831344992482006
2026-01-26,SET:BANPU,90128701.0,85884822.0,True,1.0494136088446455
2026-01-26,SET:TCAP,2676526.0,2552553.0,True,1.0485682373686267
2026-01-26,SET:STA,7042308.0,6898880.0,True,1.0207900412820632
2026-01-26,SET:GLOBAL,11371951.0,11181804.0,True,1.0170050378275277
2026-01-23,SET:AURA,3781411.0,974473.4,True,3.8804661061040764
2026-01-23,SET:STGT,8004384.0,2524950.6,True,3.1701150905685043
2026-01-23,SET:TRUE,787705562.0,324529171.8,True,2.4272257487084863
2026-01-23,SET:AWC,121184472.0,63669560.2,True,1.9033345231117207
2026-01-23,SET:MEGA,2484420.0,1307404.0,True,1.9002695417789757
2026-01-23,SET:TCAP,3694188.0,2170529.6,True,1.7019754072923032
2026-01-23,SET:CREDIT,551006.0,355718.8,True,1.5489931935000343
2026-01-23,SET:TTB,573255795.0,378880449.0,True,1.5130255375093267
2026-01-23,SET:PB,3322.0,2250.0,True,1.4764444444444444
2026-01-23,SET:ADVANC,8560177.0,5835859.6,True,1.4668236706722693
2026-01-23,SET:SCCC,182678.0,126450.2,True,1.4446635908840002
2026-01-23,SET:GPSC,9144496.0,6415611.0,True,1.4253507577064757
2026-01-23,SET:BCH,18998859.0,14725852.4,True,1.2901704080641199
2026-01-23,SET:CCET,44853835.0,37101159.6,True,1.2089604606320714
2026-01-23,SET:LH,42566561.0,35866674.6,True,1.186799765373286
2026-01-23,SET:CKP,4751609.0,4028832.8,True,1.179400892486777
2026-01-23,SET:SPC,3001.0,2563.6,True,1.1706194414105164
2026-01-23,SET:BTG,4133612.0,3608633.6,True,1.1454784436968053
2026-01-23,SET:KTC,19340095.0,17417145.2,True,1.1104055674979387
2026-01-23,SET:BBL,20901086.0,19474052.4,True,1.0732787183010764
2026-01-23,SET:BAM,12693116.0,12187613.2,True,1.0414767675757877
2026-01-23,SET:DELTA,24692957.0,24027325.0,True,1.0277031255039835
2026-01-23,SET:IRPC,69732870.0,68567669.4,True,1.0169934403516419
2026-01-23,SET:OSP,12800433.0,12662841.4,True,1.0108657761440494
2026-01-22,SET:TRUE,1069823857.0,142186701.8,True,7.524078155387665
2026-01-22,SET:CREDIT,953168.0,206235.4,True,4.621747769781521
2026-01-22,SET:MRDIYT,7194441.0,2083400.2,True,3.453220845423745
2026-01-22,SET:RCL,4348864.0,1542563.6,True,2.8192445355251476
2026-01-22,SET:KCE,29323172.0,10532159.6,True,2.784155682562957
2026-01-22,SET:AP,21838634.0,8712773.8,True,2.5065076290629738
2026-01-22,SET:SPALI,10187630.0,4157091.8,True,2.4506627445658045
2026-01-22,SET:KTB,132661769.0,55634706.0,True,2.3845146049661876
2026-01-22,SET:BDMS,202665933.0,91226700.2,True,2.2215637807318167
2026-01-22,SET:LHFG,10326518.0,4766392.2,True,2.166527127163392
2026-01-22,SET:VGI,127720681.0,61299756.6,True,2.083543036449838
2026-01-22,SET:BPP,450259.0,217573.0,True,2.0694617438744696
2026-01-22,SET:STA,10551483.0,5174232.0,True,2.0392365475687986
2026-01-22,SET:TVO,2037613.0,1000039.8,True,2.037531906230132
2026-01-22,SET:LH,60454944.0,29816177.2,True,2.027588701076005
2026-01-22,SET:BAM,20826723.0,10357015.8,True,2.0108806824452268
2026-01-22,SET:TFMAMA,8342.0,4399.4,True,1.8961676592262582
2026-01-22,SET:BEM,67469542.0,35692280.2,True,1.8903118999945538
2026-01-22,SET:WHA,115780834.0,63494274.2,True,1.8234846442263921
2026-01-22,SET:TLI,35539422.0,19891922.6,True,1.786625793526866
2026-01-22,SET:KBANK,22805796.0,13309419.6,True,1.7135079278738796
2026-01-22,SET:PTTEP,18954800.0,11239385.0,True,1.6864623820609401
2026-01-22,SET:RAM,64258.0,41602.4,True,1.5445743514797223
2026-01-22,SET:BLA,2399525.0,1576012.0,True,1.522529650789461
2026-01-22,SET:BBL,23964361.0,15885971.2,True,1.5085235078356432
2026-01-22,SET:BCH,18529911.0,12552209.6,True,1.476227022212886
2026-01-22,SET:DELTA,32127294.0,21921505.8,True,1.4655605455716458
2026-01-22,SET:CPF,29899946.0,20879114.8,True,1.4320504622159556
2026-01-22,SET:BAY,315713.0,221701.0,True,1.4240486060053856
2026-01-22,SET:TOA,1712781.0,1203755.0,True,1.4228651179018987
2026-01-22,SET:TFG,23205852.0,16839835.6,True,1.3780331679722573
2026-01-22,SET:GLOBAL,15289552.0,11126397.4,True,1.374169144812318
2026-01-22,SET:VIBHA,956197.0,706499.8,True,1.353428550156702
2026-01-22,SET:ADVANC,7530054.0,5568586.4,True,1.3522379755120617
2026-01-22,SET:KKP,5903197.0,4453208.8,True,1.3256052579434408
2026-01-22,SET:CENTEL,5833594.0,4481892.6,True,1.3015916534903136
2026-01-22,SET:BA,6360023.0,5107851.6,True,1.245146393838067
2026-01-22,SET:EGCO,1651609.0,1328764.2,True,1.2429662087524633
2026-01-22,SET:AOT,30646838.0,24899457.6,True,1.2308235180191234
2026-01-22,SET:AEONTS,926514.0,764251.6,True,1.2123154207331721
2026-01-22,SET:AWC,71680586.0,59154850.8,True,1.2117448532217412
2026-01-22,SET:SIRI,80943758.0,67421675.4,True,1.200559872174283
2026-01-22,SET:BANPU,88837795.0,74026677.6,True,1.2000781053558995
2026-01-22,SET:CPALL,44841703.0,38673392.8,True,1.1594975189246908
2026-01-22,SET:TOP,20129127.0,18020234.8,True,1.1170291188436678
2026-01-22,SET:TISCO,4822874.0,4343836.8,True,1.110279741633019
2026-01-22,SET:COM7,12901427.0,11721683.0,True,1.1006462979761524
2026-01-22,SET:BTG,3860808.0,3634205.0,True,1.0623528392041726
2026-01-22,SET:TASCO,3119827.0,2946352.0,True,1.0588778937479297
2026-01-22,SET:TU,18254026.0,17310338.8,True,1.0545158134051078
2026-01-22,SET:MEGA,1293438.0,1237521.4,True,1.0451843499433626
2026-01-22,SET:CPN,10383985.0,9962774.6,True,1.0422784231212057
2026-01-22,SET:AMATA,13689549.0,13147835.4,True,1.0412017327202012
2026-01-22,SET:RATCH,2914571.0,2823109.6,True,1.032397396119513
2026-01-22,SET:TCAP,2369797.0,2295875.4,True,1.032197566122273
2026-01-22,SET:BGRIM,9502668.0,9237114.8,True,1.0287485005599366
2026-01-22,SET:SCCC,127940.0,125560.8,True,1.0189485890500856
2026-01-21,SET:VIBHA,2444237.0,269747.8,True,9.061193455516598
2026-01-21,SET:BBL,52422561.0,6592957.6,True,7.9512965470914
2026-01-21,SET:SPC,6500.0,1613.4,True,4.028759142184207
2026-01-21,SET:EGCO,2822218.0,841608.0,True,3.3533640364635318
2026-01-21,SET:KBANK,31548859.0,9605804.8,True,3.2843535400594437
2026-01-21,SET:OR,70896964.0,24077407.8,True,2.944543058327068
2026-01-21,SET:TOP,36052704.0,13019334.8,True,2.7691663632461467
2026-01-21,SET:BANPU,143925359.0,53769541.4,True,2.6767079512417045
2026-01-21,SET:MEGA,2519323.0,1006765.8,True,2.502392314081388
2026-01-21,SET:KTB,109457230.0,45483392.6,True,2.4065317854059987
2026-01-21,SET:TTB,610275560.0,259577026.2,True,2.3510384140459037
2026-01-21,SET:TOA,2238534.0,987805.6,True,2.266168565960752
2026-01-21,SET:BGRIM,15857413.0,7473453.4,True,2.1218320569176226
2026-01-21,SET:TLI,33355405.0,15922403.8,True,2.0948724463325066
2026-01-21,SET:SPRC,34132982.0,17000200.0,True,2.007798849425301
2026-01-21,SET:TTW,3693802.0,1910898.6,True,1.9330183192347306
2026-01-21,SET:GLOBAL,17212767.0,8907643.8,True,1.9323591497899812
2026-01-21,SET:SCB,20707657.0,10908378.6,True,1.8983258428525758
2026-01-21,SET:TVO,1570380.0,828761.8,True,1.8948508485791695
2026-01-21,SET:LHFG,6767518.0,3662863.6,True,1.8476030611677705
2026-01-21,SET:DELTA,33073952.0,18216125.6,True,1.815641411695141
2026-01-21,SET:PTTGC,47448929.0,26921202.4,True,1.762511506544002
2026-01-21,SET:TU,24515390.0,13944228.6,True,1.7581029903654908
2026-01-21,SET:ITC,7471267.0,4291314.6,True,1.7410205721109333
2026-01-21,SET:SIRI,97222176.0,57310002.0,True,1.6964259746492418
2026-01-21,SET:WHA,89513169.0,52868873.0,True,1.6931166472945243
2026-01-21,SET:MRDIYT,2944443.0,1762366.6,True,1.6707324117467954
2026-01-21,SET:SCCC,164858.0,102776.6,True,1.6040421652399475
2026-01-21,SET:BH,12037922.0,7591114.4,True,1.5857911455003233
2026-01-21,SET:SPI,4100.0,2622.4,True,1.5634533251982916
2026-01-21,SET:TISCO,6516673.0,4222694.4,True,1.5432499685508854
2026-01-21,SET:AEONTS,995988.0,651596.8,True,1.5285342101127568
2026-01-21,SET:TCAP,3019019.0,2022170.6,True,1.4929595950015295
2026-01-21,SET:STA,6430368.0,4434340.4,True,1.450129538995247
2026-01-21,SET:AWC,77639410.0,53699099.6,True,1.4458233113465462
2026-01-21,SET:COM7,15375115.0,11076767.6,True,1.3880506981116043
2026-01-21,SET:IRPC,94160106.0,68245334.6,True,1.3797295676238066
2026-01-21,SET:BCH,15478174.0,11322637.2,True,1.367011388477589
2026-01-21,SET:BTS,60869946.0,46416755.0,True,1.3113787467478069
2026-01-21,SET:CK,15644172.0,12248307.2,True,1.2772517658603468
2026-01-21,SET:PTT,105376780.0,82578962.6,True,1.2760729449996748
2026-01-21,SET:KCE,12085640.0,9591165.6,True,1.2600804223419937
2026-01-21,SET:LH,33659182.0,26756806.6,True,1.2579670849061635
2026-01-21,SET:MBK,2065697.0,1655086.0,True,1.2480904315546142
2026-01-21,SET:VGI,70637650.0,56880136.8,True,1.2418684970532632
2026-01-21,SET:CPN,10550720.0,8561347.4,True,1.2323667650725165
2026-01-21,SET:CKP,6139752.0,5014114.2,True,1.224493849781084
2026-01-21,SET:TRUE,162634140.0,137424295.4,True,1.1834453254908228
2026-01-21,SET:RCL,1714376.0,1459195.2,True,1.1748777682382727
2026-01-21,SET:KKP,4611752.0,4008449.6,True,1.1505076676029555
2026-01-21,SET:AMATA,14088753.0,12345615.6,True,1.1411948546332513
2026-01-21,SET:EA,59009987.0,51816511.6,True,1.1388259297640562
2026-01-21,SET:AOT,25780466.0,23858647.4,True,1.0805501907874293
2026-01-21,SET:BJC,7730358.0,7174056.4,True,1.0775435219606022
2026-01-21,SET:BDMS,94389354.0,90642595.2,True,1.0413355199256253
2026-01-21,SET:BAY,259971.0,250331.4,True,1.0385073546506751
2026-01-21,SET:GPSC,5873041.0,5664201.0,True,1.0368701605045443
2026-01-21,SET:CENTEL,4766245.0,4695680.2,True,1.0150275991963849
2026-01-21,SET:PTTEP,12507372.0,12381936.0,True,1.0101305643963916
2026-01-20,SET:KKP,11483754.0,2166371.8,True,5.300915567678642
2026-01-20,SET:BEM,90035513.0,21155709.2,True,4.255849432833005
2026-01-20,SET:TU,38743859.0,10382131.8,True,3.7317826190570993
2026-01-20,SET:STA,10725730.0,3057366.4,True,3.5081598332473334
2026-01-20,SET:RAM,114824.0,33330.6,True,3.445002490204197
2026-01-20,SET:SPI,6211.0,1880.2,True,3.303371981704074
2026-01-20,SET:CPF,36846482.0,13423764.6,True,2.7448694980840176
2026-01-20,SET:CREDIT,350639.0,132746.4,True,2.641420030976358
2026-01-20,SET:THAI,41792309.0,16007502.4,True,2.6107951106726057
2026-01-20,SET:SIRI,135154703.0,52583656.0,True,2.570279689187074
2026-01-20,SET:CRC,32339528.0,14165201.8,True,2.2830262820540965
2026-01-20,SET:WHA,91461297.0,42842966.4,True,2.1348030887048943
2026-01-20,SET:AWC,93594632.0,45563930.0,True,2.0541387013806753
2026-01-20,SET:BTS,80924689.0,40530099.2,True,1.9966565736903006
2026-01-20,SET:SCCC,161045.0,81286.0,True,1.98121447727776
2026-01-20,SET:RATCH,4387716.0,2243160.6,True,1.9560418455994635
2026-01-20,SET:TTW,3367810.0,1809856.4,True,1.8608161398882255
2026-01-20,SET:CENTEL,7968309.0,4345958.8,True,1.8334985136076303
2026-01-20,SET:MEGA,1562138.0,857903.0,True,1.8208795166819558
2026-01-20,SET:LH,39529614.0,21780354.6,True,1.814920589033936
2026-01-20,SET:PTT,118258708.0,66125435.8,True,1.7883996766037193
2026-01-20,SET:GULF,57878421.0,32873898.4,True,1.7606193307453917
2026-01-20,SET:JTS,1845370.0,1056512.4,True,1.7466619416866287
2026-01-20,SET:EA,69474655.0,40637142.2,True,1.7096343699090137
2026-01-20,SET:GLOBAL,13779344.0,8080536.8,True,1.7052510669835697
2026-01-20,SET:KTB,63191064.0,37107766.4,True,1.702906699337204
2026-01-20,SET:BJC,9987639.0,5902550.4,True,1.6920887282893848
2026-01-20,SET:OR,34652759.0,20539551.6,True,1.6871234423637562
2026-01-20,SET:BH,11247948.0,6716938.4,True,1.6745647094217806
2026-01-20,SET:BDMS,157371376.0,94314349.8,True,1.6685835859942493
2026-01-20,SET:RCL,2328577.0,1405581.4,True,1.656664637138767
2026-01-20,SET:BANPU,98789102.0,63430094.4,True,1.55744844674234
2026-01-20,SET:COM7,15355606.0,10048978.8,True,1.5280762658191696
2026-01-20,SET:CBG,5678329.0,3955609.0,True,1.4355132168017617
2026-01-20,SET:AEONTS,810908.0,569655.0,True,1.4235072105046036
2026-01-20,SET:CK,14403888.0,10235479.6,True,1.4072509118185337
2026-01-20,SET:DELTA,22952902.0,16506930.8,True,1.3905008919041448
2026-01-20,SET:AURA,1061535.0,768461.4,True,1.3813771257736562
2026-01-20,SET:MRDIYT,2314013.0,1696846.8,True,1.3637135656560155
2026-01-20,SET:TRUE,166259417.0,126809017.4,True,1.311100901251838
2026-01-20,SET:HMPRO,49892075.0,38898927.0,True,1.2826080009867624
2026-01-20,SET:MBK,2238127.0,1753139.6,True,1.2766393503403834
2026-01-20,SET:AOT,26859090.0,21260114.8,True,1.263355830985447
2026-01-20,SET:BAM,12490848.0,9916734.6,True,1.2595726823222637
2026-01-20,SET:PTTGC,29960528.0,23906960.4,True,1.2532136038507011
2026-01-20,SET:SAWAD,22482287.0,17966163.6,True,1.2513682665118333
2026-01-20,SET:TISCO,5084897.0,4070293.2,True,1.2492704456769845
2026-01-20,SET:ITC,5487589.0,4398916.0,True,1.247486653530097
2026-01-20,SET:SPRC,19794596.0,15900530.8,True,1.2449015852980203
2026-01-20,SET:MTC,17749929.0,14295136.8,True,1.2416760502774622
2026-01-20,SET:EGCO,1094303.0,886344.8,True,1.2346244937636008
2026-01-20,SET:BCH,14495539.0,11888858.0,True,1.2192541117069444
2026-01-20,SET:CPALL,44503594.0,36817648.4,True,1.208757102476974
2026-01-20,SET:AMATA,13257649.0,11047064.4,True,1.20010606618714
2026-01-20,SET:BLA,2236118.0,1918132.4,True,1.165778754375871
2026-01-20,SET:TVO,999418.0,863872.8,True,1.1569041182914892
2026-01-20,SET:BCPG,6527903.0,5644437.0,True,1.1565197733626933
2026-01-20,SET:CPAXT,18037682.0,15727417.8,True,1.146894056569159
2026-01-20,SET:SPC,1706.0,1555.0,True,1.097106109324759
2026-01-20,SET:TIDLOR,15973683.0,14608745.2,True,1.0934329253685662
2026-01-20,SET:GPSC,6083689.0,5596287.6,True,1.0870937011886237
2026-01-20,SET:MINT,34953196.0,33367522.6,True,1.0475214602836591
2026-01-20,SET:LHFG,3787319.0,3647951.8,True,1.0382042328519803
2026-01-20,SET:BAY,277680.0,267518.2,True,1.0379854529523598
2026-01-20,SET:KCE,9875265.0,9530978.2,True,1.036122923877845
2026-01-20,SET:OSP,14178976.0,13926202.2,True,1.0181509500127752
2026-01-20,SET:TCAP,2167166.0,2149144.4,True,1.0083854765645344
2026-01-19,SET:TFMAMA,14959.0,2254.2,True,6.636057137787242
2026-01-19,SET:BKIH,24511.0,9540.8,True,2.5690717759517026
2026-01-19,SET:THAI,35192840.0,13820374.2,True,2.5464462460068558
2026-01-19,SET:BCPG,9194823.0,4306554.0,True,2.135076676154531
2026-01-19,SET:BEM,31209367.0,16282351.6,True,1.9167604143863348
2026-01-19,SET:CPALL,59868630.0,32577054.0,True,1.8377545741244743
2026-01-19,SET:CPF,18734469.0,10630907.8,True,1.7622642724829198
2026-01-19,SET:VGI,108809655.0,64840462.4,True,1.6781134953781576
2026-01-19,SET:SPC,2001.0,1214.8,True,1.6471847217648996
2026-01-19,SET:SCCC,107857.0,65744.6,True,1.6405453831949695
2026-01-19,SET:BCH,19094239.0,12233307.4,True,1.560840284288123
2026-01-19,SET:MRDIYT,2598872.0,1740755.4,True,1.492956448677396
2026-01-19,SET:BTG,4840375.0,3403079.4,True,1.4223514737857719
2026-01-19,SET:TTB,325607542.0,236749592.8,True,1.3753246125963348
2026-01-19,SET:CREDIT,161205.0,120028.0,True,1.343061618955577
2026-01-19,SET:RATCH,2451676.0,1863907.0,True,1.3153424500256718
2026-01-19,SET:AEONTS,673129.0,523132.0,True,1.2867287797343692
2026-01-19,SET:OSP,16328719.0,12831720.4,True,1.2725276495270268
2026-01-19,SET:SPRC,20285115.0,16136521.8,True,1.257093396669907
2026-01-19,SET:AURA,836909.0,681206.6,True,1.2285685429354325
2026-01-19,SET:CK,10726890.0,8880136.6,True,1.207964526131276
2026-01-19,SET:BJC,6658499.0,5595199.0,True,1.1900379235841299
2026-01-19,SET:CCET,43203672.0,36422837.2,True,1.1861698681727078
2026-01-19,SET:SCC,3428911.0,2960415.2,True,1.1582534098595358
2026-01-19,SET:SCGP,21517234.0,18636243.8,True,1.1545907121047643
2026-01-19,SET:WHA,49802797.0,43524966.2,True,1.144235167723117
2026-01-19,SET:KKP,2380806.0,2094853.6,True,1.136502331236894
2026-01-19,SET:BAM,10613874.0,9541974.4,True,1.112335199725541
2026-01-19,SET:TVO,918445.0,825708.2,True,1.1123118312256073
2026-01-19,SET:KCE,9986174.0,9067250.6,True,1.101345318502612
2026-01-19,SET:BTS,49747012.0,45872640.0,True,1.0844593204140855
2026-01-19,SET:EA,38199419.0,35901778.4,True,1.0639979606135612
2026-01-19,SET:IRPC,60734898.0,57530081.4,True,1.0557067975919812
2026-01-19,SET:GPSC,5510721.0,5221870.4,True,1.055315543641221
2026-01-19,SET:SPI,1801.0,1720.0,True,1.047093023255814
2026-01-19,SET:TOA,1040245.0,1005796.4,True,1.0342500728775723
2026-01-19,SET:PTTGC,23708153.0,23157884.4,True,1.023761609242682
2026-01-19,SET:GULF,30262733.0,29737877.2,True,1.0176494037039066
2026-01-19,SET:PTTEP,12657290.0,12561515.8,True,1.0076244142446567
2026-01-16,SET:EA,117338239.0,14571659.4,True,8.052496684077038
2026-01-16,SET:CK,28092616.0,4261444.0,True,6.592276233126611
2026-01-16,SET:LHFG,8014715.0,2133178.2,True,3.757170873019422
2026-01-16,SET:AURA,1642056.0,485008.2,True,3.385625232728024
2026-01-16,SET:OR,40192887.0,13537950.6,True,2.9689048355664704
2026-01-16,SET:TTB,500309653.0,172984369.2,True,2.892224628813457
2026-01-16,SET:HMPRO,71863445.0,27792940.2,True,2.5856726378305237
2026-01-16,SET:BCPG,8046626.0,3285752.4,True,2.4489447226759995
2026-01-16,SET:GULF,56773249.0,23891638.6,True,2.3762810894017123
2026-01-16,SET:CREDIT,199166.0,90397.0,True,2.203236833080744
2026-01-16,SET:GPSC,8549238.0,3905875.0,True,2.1888150542452074
2026-01-16,SET:MINT,46067651.0,24325104.4,True,1.8938315841308373
2026-01-16,SET:AOT,33454969.0,17706275.6,True,1.8894413345740533
2026-01-16,SET:RATCH,2738362.0,1455908.4,True,1.8808614607897036
2026-01-16,SET:BBL,10523499.0,5680922.0,True,1.8524280037641778
2026-01-16,SET:VIBHA,499745.0,296950.4,True,1.682924151642833
2026-01-16,SET:LH,30054010.0,18370934.2,True,1.6359543653474085
2026-01-16,SET:CBG,5391260.0,3399654.6,True,1.5858258071275828
2026-01-16,SET:ADVANC,8108070.0,5336500.0,True,1.5193610044036354
2026-01-16,SET:PTT,76753911.0,51965869.2,True,1.4770062000617896
2026-01-16,SET:SPALI,6676644.0,4537234.6,True,1.4715227641083404
2026-01-16,SET:SCGP,22827709.0,15667408.8,True,1.4570187892205888
2026-01-16,SET:AP,13701296.0,9467539.0,True,1.4471866448081174
2026-01-16,SET:CPN,10455254.0,7489563.2,True,1.3959764702966924
2026-01-16,SET:IVL,37605735.0,27368793.4,True,1.3740370081495812
2026-01-16,SET:SPC,1411.0,1054.0,True,1.3387096774193548
2026-01-16,SET:BGRIM,9662709.0,7231525.2,True,1.336192398250925
2026-01-16,SET:CCET,40053052.0,29980934.0,True,1.335950774582273
2026-01-16,SET:OSP,14993823.0,11404534.0,True,1.3147247401778976
2026-01-16,SET:KTC,25545386.0,19899987.4,True,1.2836885514811935
2026-01-16,SET:BJC,6017925.0,4756235.2,True,1.265270691407355
2026-01-16,SET:CPALL,36120781.0,28667527.4,True,1.259989412271391
2026-01-16,SET:DELTA,21440027.0,17263687.8,True,1.2419146620573154
2026-01-16,SET:AWC,49059867.0,40662643.8,True,1.2065095236134156
2026-01-16,SET:AEONTS,634439.0,527770.6,True,1.202111296082048
2026-01-16,SET:BEM,17319352.0,14491989.0,True,1.1950983401933302
2026-01-16,SET:SCCC,70551.0,59780.4,True,1.1801694200774835
2026-01-16,SET:TOP,14206322.0,12291320.6,True,1.1558011105820476
2026-01-16,SET:TLI,21274872.0,18801511.0,True,1.1315511822427464
2026-01-16,SET:CRC,13975980.0,12430761.8,True,1.1243059938611324
2026-01-16,SET:KBANK,12401568.0,11322640.2,True,1.0952894184520674
2026-01-16,SET:IRPC,65102080.0,59513978.4,True,1.0938956149501846
2026-01-16,SET:SCB,11805346.0,10832277.2,True,1.089830492890267
2026-01-16,SET:CPF,11202534.0,10385766.6,True,1.0786429573720635
2026-01-16,SET:CPAXT,22052799.0,20989588.2,True,1.0506542000666788
2026-01-16,SET:TOA,925217.0,880817.4,True,1.0504072694295095
2026-01-16,SET:SPI,1700.0,1620.2,True,1.0492531786199235
2026-01-16,SET:SCC,2946020.0,2822956.8,True,1.043593724140589
2026-01-16,SET:WHA,46010232.0,45333994.4,True,1.0149167883604804
2026-01-16,SET:KCE,9177741.0,9120194.8,True,1.006309755576712
2026-01-15,SET:CREDIT,205751.0,55067.4,True,3.736348547416439
2026-01-15,SET:SCGP,37166788.0,10678481.4,True,3.4805312298432245
2026-01-15,SET:PB,19033.0,5683.4,True,3.3488756730126337
2026-01-15,SET:BKIH,24524.0,7502.0,True,3.268994934684084
2026-01-15,SET:MINT,52320316.0,16623456.2,True,3.1473789427736456
2026-01-15,SET:JTS,2164560.0,693569.4,True,3.120898932392346
2026-01-15,SET:CCET,60852871.0,20695473.4,True,2.9403952170526337
2026-01-15,SET:SCCC,123493.0,47488.6,True,2.600476745997987
2026-01-15,SET:PLANB,67509464.0,26549953.6,True,2.5427337846646934
2026-01-15,SET:CRC,26611325.0,10646260.0,True,2.4995937540507183
2026-01-15,SET:GULF,46428471.0,19482072.8,True,2.383138153554174
2026-01-15,SET:CPF,20820183.0,9562662.2,True,2.177237108720624
2026-01-15,SET:KTC,34500253.0,15899004.0,True,2.1699631624723157
2026-01-15,SET:CPN,13154305.0,6169635.4,True,2.132104111046821
2026-01-15,SET:PTTGC,36102739.0,17642247.2,True,2.046379839865298
2026-01-15,SET:IVL,44819402.0,22422593.0,True,1.9988500883907583
2026-01-15,SET:BJC,8510759.0,4323808.4,True,1.968347857411998
2026-01-15,SET:PTT,79432534.0,41451232.6,True,1.916288829490682
2026-01-15,SET:TOP,18269287.0,10365874.0,True,1.7624454049894875
2026-01-15,SET:IRPC,87448121.0,49835548.6,True,1.7547337885631302
2026-01-15,SET:LH,30202457.0,18149727.6,True,1.6640721924664037
2026-01-15,SET:SPC,2405.0,1463.8,True,1.6429840142095915
2026-01-15,SET:AMATA,20249467.0,12388264.8,True,1.6345684667638036
2026-01-15,SET:TCAP,2996526.0,1842943.6,True,1.625945579669394
2026-01-15,SET:TTW,2493445.0,1559243.4,True,1.5991377613014108
2026-01-15,SET:CKP,7315006.0,4585697.0,True,1.595178660953831
2026-01-15,SET:TRUE,158111507.0,99224908.6,True,1.5934658870524776
2026-01-15,SET:TIDLOR,18129428.0,11725049.2,True,1.5462133839063124
2026-01-15,SET:BEM,19308876.0,12518082.8,True,1.5424786933027794
2026-01-15,SET:BCP,9841615.0,6523842.0,True,1.50856121285586
2026-01-15,SET:BAM,11673736.0,7762753.6,True,1.5038138013294664
2026-01-15,SET:SCC,3834302.0,2626295.8,True,1.459965781463002
2026-01-15,SET:MTC,17048855.0,11953707.4,True,1.4262399462780895
2026-01-15,SET:EA,21419537.0,15676919.6,True,1.3663103177489027
2026-01-15,SET:GPSC,4943908.0,3683338.6,True,1.3422355468487204
2026-01-15,SET:BCPG,4255229.0,3192616.2,True,1.3328344947945825
2026-01-15,SET:ADVANC,6193688.0,4736510.0,True,1.3076480362123166
2026-01-15,SET:SPRC,23947433.0,18410493.0,True,1.3007491434368432
2026-01-15,SET:AURA,577039.0,447557.6,True,1.289306672481933
2026-01-15,SET:PTTEP,15290880.0,11874342.6,True,1.2877243410510997
2026-01-15,SET:AWC,49107039.0,38797863.2,True,1.2657150407190465
2026-01-15,SET:BTG,3988665.0,3227292.2,True,1.2359169089182565
2026-01-15,SET:KCE,11535978.0,9359174.8,True,1.2325849496902226
2026-01-15,SET:AEONTS,706794.0,591494.4,True,1.19492931801214
2026-01-15,SET:CPALL,31551363.0,26820304.2,True,1.1763984019241662
2026-01-15,SET:BTS,52533264.0,44769960.2,True,1.1734043042548874
2026-01-15,SET:ITC,5578042.0,4772490.6,True,1.1687905681783848
2026-01-15,SET:AP,11124605.0,9581495.2,True,1.161051043473883
2026-01-15,SET:MRDIYT,2003185.0,1761513.6,True,1.137195307490104
2026-01-15,SET:RATCH,1803092.0,1609640.2,True,1.1201832558605334
2026-01-15,SET:STGT,4618208.0,4237488.8,True,1.089845476405743
2026-01-15,SET:AOT,20202554.0,18659254.4,True,1.0827096070891236
2026-01-15,SET:HMPRO,27648511.0,26626791.6,True,1.0383718555111237
2026-01-15,SET:CPAXT,19895886.0,19236724.4,True,1.034265792153263
2026-01-15,SET:BBL,6023955.0,5866198.8,True,1.0268924060330176
2026-01-15,SET:TISCO,4052377.0,3986045.8,True,1.0166408524458
2026-01-15,SET:RAM,42420.0,41912.8,True,1.012101315111374
2026-01-15,SET:SCB,10948017.0,10889278.4,True,1.0053941682673848
2026-01-14,SET:PTT,102118165.0,25278602.4,True,4.039707709473685
2026-01-14,SET:PLANB,62897859.0,16396896.8,True,3.835961143574435
2026-01-14,SET:BEM,26734438.0,8082167.2,True,3.307830355204728
2026-01-14,SET:CCET,42369419.0,15056549.4,True,2.814019193534476
2026-01-14,SET:RATCH,2644554.0,1233839.4,True,2.1433535028951094
2026-01-14,SET:SCB,18082081.0,8833008.8,True,2.0471032475366715
2026-01-14,SET:MINT,28415408.0,14231627.2,True,1.9966380232332113
2026-01-14,SET:BAM,13060912.0,7058400.6,True,1.8504067337861216
2026-01-14,SET:JTS,1202296.0,662918.4,True,1.8136410152441085
2026-01-14,SET:TRUE,138822108.0,78830686.0,True,1.7610161098940582
2026-01-14,SET:CENTEL,5835183.0,3476563.2,True,1.678434322724235
2026-01-14,SET:CKP,7397492.0,4459225.4,True,1.6589186094966177
2026-01-14,SET:ADVANC,6903043.0,4278832.4,True,1.613300628461166
2026-01-14,SET:TISCO,5910961.0,3733547.2,True,1.5832024301179317
2026-01-14,SET:PTTEP,18220127.0,11827597.4,True,1.5404757520745507
2026-01-14,SET:AWC,50360654.0,34322234.6,True,1.4672894870312436
2026-01-14,SET:KTB,58700663.0,40216368.8,True,1.459621163012609
2026-01-14,SET:BKIH,12634.0,8679.4,True,1.45563057354195
2026-01-14,SET:PB,6704.0,4625.0,True,1.4495135135135135
2026-01-14,SET:IRPC,70462967.0,49015467.2,True,1.437565956731307
2026-01-14,SET:BCP,7916494.0,5856146.6,True,1.351826472376904
2026-01-14,SET:BA,10956073.0,8503434.2,True,1.2884292089894693
2026-01-14,SET:MEGA,1365545.0,1162441.6,True,1.1747213795514544
2026-01-14,SET:MBK,2243695.0,1980764.4,True,1.1327419858717171
2026-01-14,SET:BLA,2298278.0,2031663.8,True,1.1312294878709754
2026-01-14,SET:SCC,3902974.0,3498850.2,True,1.1155018868770088
2026-01-14,SET:TOA,1158787.0,1046168.6,True,1.107648423017093
2026-01-14,SET:KBANK,13030785.0,11832597.6,True,1.1012615691418426
2026-01-14,SET:AURA,493839.0,452538.4,True,1.0912642993390174
2026-01-14,SET:KTC,15526007.0,14432424.2,True,1.0757726342328546
2026-01-14,SET:STGT,4236552.0,3948683.6,True,1.072902371818294
2026-01-14,SET:SPI,1700.0,1619.8,True,1.0495122854673418
2026-01-14,SET:COM7,12150538.0,11582453.0,True,1.0490470369273244
2026-01-14,SET:AOT,20576415.0,20100331.6,True,1.023685350544167
2026-01-14,SET:MTC,11539830.0,11424052.2,True,1.0101345650363889
2026-01-14,SET:PTTGC,24448865.0,24358051.0,True,1.0037282950101385
2026-01-14,SET:SCCC,50937.0,50870.4,True,1.0013092092847706
2026-01-13,SET:PB,14032.0,1842.8,True,7.614499674408509
2026-01-13,SET:BPP,1055286.0,232053.0,True,4.5476076585952345
2026-01-13,SET:SPALI,12064530.0,2958330.8,True,4.078154478194258
2026-01-13,SET:STGT,9362920.0,3048866.6,True,3.070951021602585
2026-01-13,SET:SIRI,111522973.0,38314396.8,True,2.910732839724623
2026-01-13,SET:PLANB,33785443.0,12417483.6,True,2.7207962650339237
2026-01-13,SET:RAM,85814.0,31930.0,True,2.6875665518321328
2026-01-13,SET:TIDLOR,23876309.0,8923951.2,True,2.675531103307692
2026-01-13,SET:TTW,2862599.0,1079049.4,True,2.652889663809646
2026-01-13,SET:BDMS,175730149.0,67381855.4,True,2.607974327165826
2026-01-13,SET:CKP,7691392.0,3176693.0,True,2.4211946196878324
2026-01-13,SET:HMPRO,47714026.0,20153010.4,True,2.3675880204974242
2026-01-13,SET:BANPU,147091867.0,65750034.2,True,2.23713749794521
2026-01-13,SET:OSP,20219116.0,9218910.4,True,2.1932218801041823
2026-01-13,SET:CENTEL,6219702.0,2854704.4,True,2.1787551803962613
2026-01-13,SET:CBG,6098703.0,2948591.2,True,2.0683447064482863
2026-01-13,SET:CPN,9901107.0,4900260.4,True,2.020526705070612
2026-01-13,SET:MTC,18979206.0,9417413.2,True,2.0153311314831126
2026-01-13,SET:AWC,52918784.0,28326791.2,True,1.8681531425980928
2026-01-13,SET:LHFG,3712760.0,2123685.8,True,1.7482623842001488
2026-01-13,SET:BGRIM,12261664.0,7160310.2,True,1.7124487148615433
2026-01-13,SET:SAWAD,27582684.0,16309605.0,True,1.6911926438439189
2026-01-13,SET:MBK,2728395.0,1619308.2,True,1.6849139651117682
2026-01-13,SET:BLA,3150438.0,1880907.6,True,1.6749562817439836
2026-01-13,SET:TRUE,113183027.0,69305647.6,True,1.633099623471378
2026-01-13,SET:BEM,11206513.0,7045176.6,True,1.590664597392775
2026-01-13,SET:TLI,24766835.0,15654305.0,True,1.5821101607513077
2026-01-13,SET:CPALL,38029357.0,24444656.2,True,1.5557329458370537
2026-01-13,SET:RATCH,1578119.0,1053247.8,True,1.4983359091754096
2026-01-13,SET:TCAP,2802035.0,1968488.8,True,1.423444725720563
2026-01-13,SET:BTS,51491410.0,37389996.4,True,1.3771440213350756
2026-01-13,SET:CCET,19632604.0,14317247.4,True,1.3712554830895776
2026-01-13,SET:PTT,35991074.0,26451881.8,True,1.360624331838652
2026-01-13,SET:VGI,78892736.0,58088333.6,True,1.3581511314003334
2026-01-13,SET:RCL,2060508.0,1523560.8,True,1.352429125243968
2026-01-13,SET:KTC,16545243.0,12516706.8,True,1.3218527256706212
2026-01-13,SET:JTS,819288.0,621290.8,True,1.318686837146148
2026-01-13,SET:TU,20933375.0,16603454.4,True,1.2607843220866135
2026-01-13,SET:SCGP,17593067.0,13975853.6,True,1.2588187815590741
2026-01-13,SET:ADVANC,5561181.0,4475670.0,True,1.2425359778535952
2026-01-13,SET:AP,11711527.0,9596191.0,True,1.2204349621636335
2026-01-13,SET:MINT,16165105.0,13246310.2,True,1.2203477614468066
2026-01-13,SET:GPSC,5744122.0,4800791.4,True,1.1964948112513283
2026-01-13,SET:TISCO,4322891.0,3640885.8,True,1.1873184816727842
2026-01-13,SET:TVO,1174973.0,999702.8,True,1.1753223057892805
2026-01-13,SET:KBANK,12565718.0,10791164.6,True,1.164445031261964
2026-01-13,SET:SPI,1700.0,1479.8,True,1.1488038924178943
2026-01-13,SET:PTTEP,11903778.0,10681481.8,True,1.1144313329261113
2026-01-13,SET:BAM,7625244.0,6920602.4,True,1.101817957350071
2026-01-13,SET:CPAXT,17026780.0,16374652.8,True,1.0398254062522778
2026-01-13,SET:BCPG,3966577.0,3891587.4,True,1.0192696687218177
2026-01-12,SET:BAY,1690662.0,373863.2,True,4.5221407188511735
2026-01-12,SET:BTS,76459716.0,26856353.8,True,2.8469879630495485
2026-01-12,SET:BDMS,132459065.0,48480885.4,True,2.732191541204815
2026-01-12,SET:CPAXT,29848264.0,12338423.8,True,2.4191310400604005
2026-01-12,SET:BH,16801464.0,6945541.4,True,2.41902870235573
2026-01-12,SET:VGI,110473150.0,46192851.0,True,2.3915637941464145
2026-01-12,SET:TRUE,162819386.0,77642743.6,True,2.097032877132899
2026-01-12,SET:SIRI,71281432.0,37607175.8,True,1.8954210329189358
2026-01-12,SET:HMPRO,32908250.0,18702743.4,True,1.7595413301772618
2026-01-12,SET:CREDIT,97613.0,55531.8,True,1.757785629135018
2026-01-12,SET:CPALL,38665658.0,22180287.6,True,1.7432442129379782
2026-01-12,SET:RAM,39438.0,25902.6,True,1.522549859859628
2026-01-12,SET:BPP,329845.0,221675.0,True,1.4879666177963236
2026-01-12,SET:BTG,4665301.0,3149055.2,True,1.4814922901319734
2026-01-12,SET:CENTEL,3821392.0,2751608.4,True,1.3887848285388285
2026-01-12,SET:KTC,16976211.0,12617695.0,True,1.3454288600255435
2026-01-12,SET:MINT,16796552.0,12643973.8,True,1.3284235055912563
2026-01-12,SET:COM7,16559731.0,12714899.8,True,1.302387848939242
2026-01-12,SET:OSP,10856310.0,8335884.4,True,1.3023585115935628
2026-01-12,SET:BAM,8740073.0,6893595.8,True,1.2678539986345008
2026-01-12,SET:BANPU,84459212.0,66929631.4,True,1.2619106101934994
2026-01-12,SET:CCET,19206240.0,15368590.2,True,1.24970734140598
2026-01-12,SET:SPI,2500.0,2019.8,True,1.2377463115159917
2026-01-12,SET:BA,9213469.0,7761398.6,True,1.1870887548540543
2026-01-12,SET:ITC,7534565.0,6352483.8,True,1.1860817338880896
2026-01-12,SET:LHFG,2279358.0,2006376.8,True,1.1360567965100075
2026-01-12,SET:BGRIM,7596535.0,6788339.4,True,1.1190564514202104
2026-01-12,SET:VIBHA,445438.0,401002.6,True,1.1108107528479867
2026-01-12,SET:BCH,20816486.0,19209486.8,True,1.0836565399550393
2026-01-12,SET:ADVANC,5346996.0,5054785.8,True,1.0578086216828417
2026-01-12,SET:CRC,11447115.0,10896169.6,True,1.0505632181055626
2026-01-12,SET:MRDIYT,2818415.0,2719003.6,True,1.0365617022353335
2026-01-12,SET:PLANB,12915658.0,12837016.0,True,1.0061261900740794
2026-01-09,SET:TFMAMA,22365.0,2216.0,True,10.092509025270758
2026-01-09,SET:CPAXT,30809559.0,6866141.2,True,4.487172358179875
2026-01-09,SET:BTS,54626563.0,20654370.8,True,2.6447943405760874
2026-01-09,SET:BH,11825551.0,5005381.6,True,2.36256732154048
2026-01-09,SET:GLOBAL,26796441.0,11585193.6,True,2.3129903500274698
2026-01-09,SET:RCL,2792918.0,1270808.6,True,2.1977487404476173
2026-01-09,SET:BCH,28395374.0,16347268.6,True,1.7370103039721265
2026-01-09,SET:TLI,26279097.0,15962541.2,True,1.6462978338311196
2026-01-09,SET:AURA,661064.0,407094.2,True,1.6238600304303032
2026-01-09,SET:KBANK,15036536.0,9401554.8,True,1.599366947262808
2026-01-09,SET:IRPC,75021565.0,47634430.2,True,1.5749441041912577
2026-01-09,SET:CBG,3498230.0,2280996.2,True,1.5336413098803057
2026-01-09,SET:CPN,7214881.0,4921999.8,True,1.4658434159221219
2026-01-09,SET:KTC,15952223.0,11351212.8,True,1.4053320364146462
2026-01-09,SET:BDMS,60253204.0,43789261.8,True,1.3759812685401334
2026-01-09,SET:GULF,27542056.0,22644824.6,True,1.2162627216816684
2026-01-09,SET:TIDLOR,10887500.0,9057141.6,True,1.202090072214395
2026-01-09,SET:BTG,3312718.0,2999224.8,True,1.1045247425268023
2026-01-09,SET:SPRC,24811491.0,22481598.8,True,1.1036355207975688
2026-01-09,SET:CK,4999153.0,4605546.2,True,1.0854636524979382
2026-01-09,SET:WHA,55055373.0,52646412.2,True,1.0457573593210592
2026-01-09,SET:SAWAD,19902673.0,19396555.6,True,1.0260931585193402
2026-01-09,SET:PB,2568.0,2543.6,True,1.0095927032552288
2026-01-08,SET:DELTA,98484885.0,18306934.4,True,5.379649200032093
2026-01-08,SET:RAM,61509.0,23398.8,True,2.628724549976922
2026-01-08,SET:BCH,27636197.0,12013240.8,True,2.3004780691651496
2026-01-08,SET:CPAXT,11131567.0,5096990.8,True,2.183948811522281
2026-01-08,SET:BA,11149595.0,5343719.0,True,2.086486022187918
2026-01-08,SET:OR,26198182.0,14024464.6,True,1.8680343775832984
2026-01-08,SET:AEONTS,1025413.0,575935.6,True,1.7804299647391133
2026-01-08,SET:CRC,17688816.0,10112057.0,True,1.7492796965048754
2026-01-08,SET:SAWAD,26009871.0,15276463.4,True,1.7026107626454956
2026-01-08,SET:CBG,3138902.0,1983387.4,True,1.5825965214864228
2026-01-08,SET:KBANK,12427299.0,7986792.8,True,1.5559811442710771
2026-01-08,SET:AMATA,20807087.0,13378897.0,True,1.5552169210959619
2026-01-08,SET:KTC,14495336.0,9346079.6,True,1.55095362123815
2026-01-08,SET:BKIH,14983.0,9745.8,True,1.537380204806173
2026-01-08,SET:GLOBAL,14887390.0,10081821.4,True,1.4766567874332708
2026-01-08,SET:RATCH,2571751.0,1749644.0,True,1.4698710137605135
2026-01-08,SET:EA,26945838.0,18346935.0,True,1.468683352287453
2026-01-08,SET:KTB,57129023.0,40362614.4,True,1.415394514186871
2026-01-08,SET:MTC,12695790.0,9086832.6,True,1.39716340763227
2026-01-08,SET:CPN,6554666.0,4901526.4,True,1.3372703654110685
2026-01-08,SET:SPC,4454.0,3382.6,True,1.31673860344114
2026-01-08,SET:BH,5521661.0,4202701.0,True,1.3138362686281988
2026-01-08,SET:AP,11694386.0,9065739.4,True,1.2899539115364378
2026-01-08,SET:TVO,1167474.0,913598.0,True,1.2778858972983742
2026-01-08,SET:RCL,1315477.0,1062194.6,True,1.2384519748076293
2026-01-08,SET:CPF,16704661.0,13534627.8,True,1.2342165035376886
2026-01-08,SET:OSP,9792366.0,7937888.0,True,1.233623603658807
2026-01-08,SET:BANPU,83798699.0,68447629.0,True,1.2242746786744068
2026-01-08,SET:HMPRO,21817768.0,18445803.4,True,1.1828038891491168
2026-01-08,SET:AWC,39783136.0,33911459.2,True,1.1731472764227142
2026-01-08,SET:TISCO,4315771.0,3691961.8,True,1.168964153421089
2026-01-08,SET:GULF,24380642.0,21173225.2,True,1.1514845645716743
2026-01-08,SET:MINT,13812075.0,12258998.4,True,1.126688702398395
2026-01-08,SET:TTW,1818401.0,1620049.8,True,1.1224352485954443
2026-01-08,SET:BJC,6348625.0,5666658.4,True,1.1203472226241835
2026-01-08,SET:MBK,2578519.0,2320974.6,True,1.1109639028363343
2026-01-08,SET:SPRC,21533412.0,19385897.2,True,1.1107771684665697
2026-01-08,SET:LHFG,3045978.0,2852916.4,True,1.0676716639856674
2026-01-08,SET:KCE,12730878.0,12067002.0,True,1.055015819173644
2026-01-08,SET:BDMS,42084155.0,40697096.6,True,1.0340824902973544
2026-01-08,SET:STGT,3760172.0,3657422.6,True,1.0280933901376341
2026-01-08,SET:SCB,11233023.0,10962172.2,True,1.0247077673164084
2026-01-08,SET:PTTEP,11106745.0,11014508.8,True,1.0083740638529426
2026-01-08,SET:BBL,6950339.0,6936067.0,True,1.002057650250495
2026-01-07,SET:IVL,72747649.0,14954508.6,True,4.864596420105706
2026-01-07,SET:VIBHA,981393.0,220458.4,True,4.451601753437384
2026-01-07,SET:PTTGC,58027884.0,16251245.8,True,3.5706729634229024
2026-01-07,SET:BKIH,18521.0,6122.0,True,3.0253185233583797
2026-01-07,SET:EGCO,2820299.0,941347.4,True,2.9960235721689994
2026-01-07,SET:BCH,27710890.0,9254067.0,True,2.994455302733382
2026-01-07,SET:CBG,4075471.0,1447250.6,True,2.8160091970250347
2026-01-07,SET:SCGP,25748829.0,9355491.6,True,2.7522689454394893
2026-01-07,SET:RAM,44735.0,17291.8,True,2.587064388901098
2026-01-07,SET:SCC,8265746.0,3249307.2,True,2.543848731815816
2026-01-07,SET:BH,7255977.0,3061545.6,True,2.3700372125765496
2026-01-07,SET:OR,23126577.0,10246017.0,True,2.2571285017387734
2026-01-07,SET:BA,8855963.0,4165766.6,True,2.1258903463290526
2026-01-07,SET:PTTEP,17986401.0,8479238.0,True,2.12122846416152
2026-01-07,SET:SPRC,31532222.0,15353204.8,True,2.0537876235455412
2026-01-07,SET:GLOBAL,15424623.0,7654032.0,True,2.015228444302297
2026-01-07,SET:IRPC,66362560.0,34331527.2,True,1.9329917837153483
2026-01-07,SET:EA,31988176.0,16754487.6,True,1.9092303365935226
2026-01-07,SET:BDMS,58315145.0,31328873.8,True,1.8613865717700966
2026-01-07,SET:BANPU,97761908.0,52800140.4,True,1.8515463644486825
2026-01-07,SET:MEGA,2226058.0,1230619.4,True,1.8088923350306358
2026-01-07,SET:TVO,1312922.0,743292.4,True,1.7663600488852031
2026-01-07,SET:CK,5714331.0,3370817.6,True,1.695235897664709
2026-01-07,SET:CKP,6765134.0,3991765.4,True,1.6947724432903797
2026-01-07,SET:TTB,577203530.0,344341519.0,True,1.6762530747853268
2026-01-07,SET:GULF,28549686.0,17292452.0,True,1.6509911954649346
2026-01-07,SET:MINT,16456263.0,9970634.0,True,1.6504730792445095
2026-01-07,SET:TFMAMA,2848.0,1776.2,True,1.6034230379461771
2026-01-07,SET:AURA,518743.0,337026.0,True,1.5391779862681219
2026-01-07,SET:BGRIM,9411028.0,6402022.6,True,1.4700085563584235
2026-01-07,SET:CPF,16738223.0,11444872.8,True,1.4625084343445038
2026-01-07,SET:BJC,6824181.0,4690133.2,True,1.4550079302651788
2026-01-07,SET:KBANK,9617809.0,6625296.4,True,1.4516798071102146
2026-01-07,SET:TISCO,4648468.0,3262939.8,True,1.4246257316791442
2026-01-07,SET:BAM,9539147.0,6840272.4,True,1.3945565968981
2026-01-07,SET:BCPG,5516298.0,4130729.2,True,1.335429589526227
2026-01-07,SET:CPAXT,6286197.0,4739956.0,True,1.32621420958338
2026-01-07,SET:STA,5496043.0,4208914.4,True,1.3058101157866264
2026-01-07,SET:TOP,16842602.0,13512078.8,True,1.2464848858045439
2026-01-07,SET:TCAP,2826592.0,2314763.4,True,1.2211148664265212
2026-01-07,SET:BLA,2579214.0,2116751.2,True,1.2184776368616206
2026-01-07,SET:KTB,43732963.0,36000778.4,True,1.2147782615722553
2026-01-07,SET:KCE,13996701.0,11685149.8,True,1.1978195606871893
2026-01-07,SET:CRC,11568706.0,9704986.8,True,1.1920372730439983
2026-01-07,SET:OSP,10502271.0,8824640.0,True,1.1901075851252856
2026-01-07,SET:BTG,2975892.0,2503016.0,True,1.1889224839154044
2026-01-07,SET:THAI,47092909.0,40052804.8,True,1.1757705667594096
2026-01-07,SET:MBK,2311915.0,1988880.8,True,1.1624200907364584
2026-01-07,SET:LH,32765137.0,28299827.6,True,1.1577857456629876
2026-01-07,SET:TU,15738566.0,14614242.8,True,1.0769333872022435
2026-01-07,SET:SAWAD,14158335.0,13255932.6,True,1.0680753612160039
2026-01-07,SET:BBL,6801815.0,6403973.4,True,1.0621241805907562
2026-01-07,SET:ADVANC,4614655.0,4359681.0,True,1.0584845542598185
2026-01-07,SET:AOT,27781801.0,26459603.2,True,1.0499704319073084
2026-01-07,SET:SPALI,3245319.0,3163567.0,True,1.0258417160123368
2026-01-07,SET:AMATA,12867928.0,12838448.0,True,1.002296227706028
2026-01-06,SET:TOP,33479359.0,7274182.8,True,4.602490743015147
2026-01-06,SET:TU,36127232.0,8502863.0,True,4.248831481819712
2026-01-06,SET:AOT,60663541.0,15623236.4,True,3.8829048890279863
2026-01-06,SET:BH,7408893.0,2003103.2,True,3.698707585310632
2026-01-06,SET:IRPC,84545783.0,25158727.4,True,3.360495213283324
2026-01-06,SET:BCP,19397976.0,6808122.2,True,2.849240279500271
2026-01-06,SET:SPRC,28701070.0,10246760.8,True,2.800989557597558
2026-01-06,SET:VIBHA,397629.0,153336.6,True,2.5931773627431416
2026-01-06,SET:GPSC,10332586.0,3992059.4,True,2.5882846332396756
2026-01-06,SET:SCCC,146860.0,57558.2,True,2.5515043903388226
2026-01-06,SET:SCGP,16707755.0,6769737.6,True,2.468006293183358
2026-01-06,SET:STA,7553032.0,3098797.4,True,2.437407492338802
2026-01-06,SET:CK,5535003.0,2416682.0,True,2.2903315372067983
2026-01-06,SET:AP,13737326.0,6479272.8,True,2.1201956491166727
2026-01-06,SET:BGRIM,11621926.0,5641928.0,True,2.0599210057271202
2026-01-06,SET:ADVANC,6545369.0,3249914.2,True,2.0140128622472555
2026-01-06,SET:MEGA,1818700.0,924274.8,True,1.967704842758885
2026-01-06,SET:OR,15264650.0,7921321.6,True,1.9270332364740754
2026-01-06,SET:GLOBAL,11268957.0,6170091.2,True,1.8263841869954855
2026-01-06,SET:BKIH,8696.0,4782.8,True,1.8181818181818181
2026-01-06,SET:TVO,1227135.0,677609.0,True,1.810978012393578
2026-01-06,SET:BA,6320373.0,3566544.4,True,1.7721279454701306
2026-01-06,SET:GULF,25462101.0,14711063.0,True,1.730813130227231
2026-01-06,SET:TTB,454807192.0,264512494.8,True,1.7194166662859662
2026-01-06,SET:BDMS,43797708.0,26107235.6,True,1.6776080267954527
2026-01-06,SET:CPALL,30571455.0,18425005.4,True,1.6592372341991282
2026-01-06,SET:TFMAMA,2264.0,1416.0,True,1.5988700564971752
2026-01-06,SET:LH,36259964.0,23404077.4,True,1.5493011486964234
2026-01-06,SET:SPALI,4084363.0,2637335.0,True,1.548670532943293
2026-01-06,SET:TIDLOR,12208659.0,8164130.6,True,1.4954022171080898
2026-01-06,SET:KKP,4837148.0,3288286.2,True,1.4710240246119695
2026-01-06,SET:BAY,522268.0,359120.6,True,1.454296968762026
2026-01-06,SET:SAWAD,15796239.0,11010070.2,True,1.4347082909607607
2026-01-06,SET:ITC,11068605.0,7735086.8,True,1.4309606713139922
2026-01-06,SET:CPF,14315053.0,10506545.4,True,1.3624890442104785
2026-01-06,SET:TASCO,13265495.0,9784069.2,True,1.3558259583854948
2026-01-06,SET:WHA,60704969.0,45124051.6,True,1.3452907451244913
2026-01-06,SET:DELTA,18643711.0,14049946.0,True,1.3269596196312783
2026-01-06,SET:STGT,4863835.0,3687439.4,True,1.3190277784632882
2026-01-06,SET:SIRI,52271670.0,39682545.6,True,1.3172458875722932
2026-01-06,SET:SCB,11579421.0,8823905.2,True,1.3122784909339236
2026-01-06,SET:KBANK,7358553.0,5616066.0,True,1.3102682553944345
2026-01-06,SET:TOA,2213399.0,1731711.2,True,1.2781571199631903
2026-01-06,SET:BLA,2396657.0,1948404.2,True,1.23006150366541
2026-01-06,SET:PTT,41857471.0,34108546.4,True,1.2271842519797327
2026-01-06,SET:TISCO,3859584.0,3223728.8,True,1.197242150146129
2026-01-06,SET:MTC,8946011.0,7536122.6,True,1.1870840583193274
2026-01-06,SET:MINT,11238520.0,9630721.0,True,1.1669448216805367
2026-01-06,SET:TCAP,2253664.0,1935636.6,True,1.1643011916596326
2026-01-06,SET:BAM,6936253.0,6059707.6,True,1.1446514349966326
2026-01-06,SET:COM7,13522440.0,11881241.6,True,1.1381335768813927
2026-01-06,SET:BCPG,4704065.0,4204906.8,True,1.118708505025605
2026-01-06,SET:CCET,15936094.0,14397554.0,True,1.1068612071189314
2026-01-06,SET:AMATA,12495159.0,11719586.4,True,1.0661774719285315
2026-01-05,SET:TASCO,38907114.0,2211397.8,True,17.593901015909488
2026-01-05,SET:MEGA,2418398.0,480742.2,True,5.030550677681302
2026-01-05,SET:AP,17388825.0,3552781.8,True,4.894425264169052
2026-01-05,SET:TOP,19594990.0,4176413.4,True,4.6918224139401525
2026-01-05,SET:TOA,4133325.0,1029995.6,True,4.012954035920154
2026-01-05,SET:TFMAMA,3576.0,909.4,True,3.9322630305696062
2026-01-05,SET:AEONTS,1082262.0,277481.6,True,3.9003018578529174
2026-01-05,SET:RCL,2411874.0,637930.6,True,3.780778034475851
2026-01-05,SET:DELTA,32016808.0,8636878.4,True,3.7069883952516918
2026-01-05,SET:AMATA,27317993.0,7631858.4,True,3.5794680100458884
2026-01-05,SET:ADVANC,8242575.0,2311216.4,True,3.566336324024008
2026-01-05,SET:BAY,807313.0,228957.0,True,3.526046375520294
2026-01-05,SET:TRUE,204504866.0,65151360.4,True,3.138919352480628
2026-01-05,SET:SPC,8208.0,2821.2,True,2.909400255210549
2026-01-05,SET:CPAXT,9667119.0,3336683.8,True,2.8972235846860888
2026-01-05,SET:BJC,8939733.0,3121832.0,True,2.863617580958873
2026-01-05,SET:TTB,648644646.0,239897734.2,True,2.7038381507148057
2026-01-05,SET:OR,15298064.0,5811653.0,True,2.632308570384364
2026-01-05,SET:SAWAD,19935926.0,7887815.2,True,2.5274331984856846
2026-01-05,SET:SCB,16671879.0,6638611.6,True,2.5113502648656234
2026-01-05,SET:BANPU,90357198.0,36244997.4,True,2.492956393480111
2026-01-05,SET:WHA,93411536.0,38009799.8,True,2.4575645357648006
2026-01-05,SET:TCAP,3532508.0,1442062.2,True,2.449622492011787
2026-01-05,SET:AOT,32176588.0,13232477.2,True,2.4316375168211137
2026-01-05,SET:BLA,3512409.0,1450597.8,True,2.4213527691824708
2026-01-05,SET:SPALI,5517196.0,2285291.6,True,2.414219699577944
2026-01-05,SET:KTB,64617480.0,27626717.6,True,2.3389488731734094
2026-01-05,SET:PTTEP,13463827.0,5873444.6,True,2.2923221238862115
2026-01-05,SET:AWC,56301554.0,24580883.4,True,2.2904609685427335
2026-01-05,SET:TIDLOR,14161960.0,6189532.4,True,2.2880500633618137
2026-01-05,SET:BTG,4799363.0,2099645.4,True,2.285796925518947
2026-01-05,SET:GLOBAL,10341748.0,4578603.6,True,2.2587122414353584
2026-01-05,SET:TVO,1289183.0,574359.4,True,2.2445580241221785
2026-01-05,SET:TTW,2435626.0,1135048.4,True,2.145834486000773
2026-01-05,SET:KKP,5490671.0,2578737.0,True,2.129209376528122
2026-01-05,SET:MBK,3389820.0,1629830.8,True,2.0798600689102207
2026-01-05,SET:SIRI,67745327.0,32732745.4,True,2.069650014752505
2026-01-05,SET:BBL,9715377.0,4697838.2,True,2.068052705604037
2026-01-05,SET:KBANK,9317792.0,4560168.2,True,2.0433000695018224
2026-01-05,SET:KTC,17481152.0,8778636.2,True,1.991328903685518
2026-01-05,SET:COM7,18916187.0,10178044.0,True,1.8585287114105618
2026-01-05,SET:TISCO,5063611.0,2765178.4,True,1.8312058997712408
2026-01-05,SET:CCET,24462954.0,13408267.6,True,1.8244679126183312
2026-01-05,SET:RATCH,2621449.0,1442739.6,True,1.8169938636189094
2026-01-05,SET:MTC,11127817.0,6163143.2,True,1.805542503052663
2026-01-05,SET:BA,5614704.0,3149545.8,True,1.7827027630460242
2026-01-05,SET:CPALL,27343815.0,15382675.2,True,1.7775721481787512
2026-01-05,SET:STA,4355301.0,2471176.6,True,1.7624402076322672
2026-01-05,SET:GULF,22200641.0,13333094.0,True,1.6650779631494386
2026-01-05,SET:TLI,22598560.0,13809401.4,True,1.636461954100342
2026-01-05,SET:BAM,8605040.0,5305705.8,True,1.6218464280473297
2026-01-05,SET:TU,12449420.0,7715006.0,True,1.6136630353884365
2026-01-05,SET:SCCC,83326.0,51653.2,True,1.6131817583421744
2026-01-05,SET:CK,3934524.0,2457447.4,True,1.6010613289220352
2026-01-05,SET:SCGP,8792567.0,5795017.2,True,1.5172633137309757
2026-01-05,SET:CPN,5776678.0,3895111.8,True,1.4830583296736182
2026-01-05,SET:PB,7397.0,5166.2,True,1.4318067438349271
2026-01-05,SET:AURA,447205.0,313826.4,True,1.4250075838106673
2026-01-05,SET:IRPC,37925040.0,26998410.0,True,1.404713833147952
2026-01-05,SET:MRDIYT,6078896.0,4390139.6,True,1.3846703189119545
2026-01-05,SET:SPI,5200.0,3807.8,True,1.3656179421188086
2026-01-05,SET:LH,28141336.0,20771154.4,True,1.3548277316738835
2026-01-05,SET:HMPRO,25656915.0,19277076.2,True,1.330954691147613
2026-01-05,SET:BDMS,37954215.0,29001957.0,True,1.3086777212999798
2026-01-05,SET:BKIH,5332.0,4104.8,True,1.2989670629506918
2026-01-05,SET:SPRC,11669419.0,9093393.2,True,1.2832854296897664
2026-01-05,SET:BH,2715625.0,2132718.0,True,1.2733164909753658
2026-01-05,SET:SCC,3594482.0,2825017.6,True,1.272375081840198
2026-01-05,SET:VIBHA,169827.0,138865.6,True,1.2229594658432326
2026-01-05,SET:ITC,8123401.0,6800214.6,True,1.1945800945752507
2026-01-05,SET:TFG,44434380.0,37239819.0,True,1.1931953804608986
2026-01-05,SET:MINT,13784870.0,11699696.6,True,1.178224570370483
2026-01-05,SET:CRC,12514382.0,10859384.2,True,1.152402545993354
2026-01-05,SET:GPSC,4772250.0,4268799.4,True,1.1179372823187708
2026-01-05,SET:CPF,11467683.0,10499052.2,True,1.092258880282546
2026-01-05,SET:PTT,35819490.0,33130063.8,True,1.0811778152989853
2026-01-05,SET:PTTGC,20791478.0,19298500.6,True,1.0773623521819098
2026-01-05,SET:IVL,20125198.0,19401666.4,True,1.037292240010889
2026-01-05,SET:BCP,6384195.0,6236619.2,True,1.0236627883260854
2026-01-05,SET:STGT,4367286.0,4269209.0,True,1.022973108133146
2025-12-30,SET:TFG,161604774.0,7139407.6,True,22.63559990607624
2025-12-30,SET:BCP,21940855.0,2401976.8,True,9.13449913421312
2025-12-30,SET:CENTEL,11651216.0,1383647.2,True,8.420655207483527
2025-12-30,SET:PLANB,58852554.0,10524056.8,True,5.592192736930116
2025-12-30,SET:TASCO,6715321.0,1228082.0,True,5.468137306792218
2025-12-30,SET:ITC,20927689.0,4293365.2,True,4.874425543860093
2025-12-30,SET:VGI,220278440.0,45921957.8,True,4.796799843755791
2025-12-30,SET:SCC,7840024.0,1732221.6,True,4.52599367194128
2025-12-30,SET:SAWAD,21082407.0,5181632.8,True,4.068680243030729
2025-12-30,SET:CKP,9288442.0,3187092.0,True,2.9143940620477853
2025-12-30,SET:MBK,3860384.0,1329975.8,True,2.902597175076419
2025-12-30,SET:TOA,2294809.0,794338.6,True,2.8889556670165595
2025-12-30,SET:MTC,13250503.0,4590196.0,True,2.8866965593626066
2025-12-30,SET:TCAP,3210926.0,1142985.4,True,2.8092449824818413
2025-12-30,SET:TOP,9580854.0,3470808.6,True,2.7604097788624817
2025-12-30,SET:TTW,2796221.0,1076666.2,True,2.597110413608229
2025-12-30,SET:KKP,5015602.0,1931823.0,True,2.5963051480389248
2025-12-30,SET:BAY,408227.0,160962.8,True,2.5361574227088495
2025-12-30,SET:SPRC,18971871.0,7534509.8,True,2.5179967248831505
2025-12-30,SET:COM7,20012122.0,7978074.0,True,2.5083901202219985
2025-12-30,SET:SIRI,67655429.0,29051430.0,True,2.3288157932328977
2025-12-30,SET:CPALL,30145618.0,12978399.6,True,2.3227531074016246
2025-12-30,SET:THAI,61382045.0,28451891.0,True,2.157397727975269
2025-12-30,SET:AEONTS,495064.0,237398.6,True,2.0853703433802893
2025-12-30,SET:KBANK,8286321.0,3977665.6,True,2.083212072930414
2025-12-30,SET:SCB,11904188.0,5769145.8,True,2.0634229767602683
2025-12-30,SET:AP,6314690.0,3151505.2,True,2.0037060386256065
2025-12-30,SET:DELTA,15425654.0,7914702.0,True,1.9489873402687807
2025-12-30,SET:KTB,48758008.0,25659073.2,True,1.9002248296325839
2025-12-30,SET:BBL,7644373.0,4254172.0,True,1.7969120665549019
2025-12-30,SET:SCGP,9329705.0,5681298.0,True,1.64217842471914
2025-12-30,SET:TLI,21377673.0,13215793.2,True,1.6175853145159687
2025-12-30,SET:SCCC,77527.0,48199.8,True,1.6084506574716078
2025-12-30,SET:BCH,14084283.0,8918137.4,True,1.579285266450369
2025-12-30,SET:OR,10428100.0,6657325.6,True,1.5664097907423966
2025-12-30,SET:TU,11066582.0,7488542.8,True,1.4778017960984347
2025-12-30,SET:MEGA,720667.0,495330.0,True,1.45492298063917
2025-12-30,SET:TTB,303733632.0,210274273.8,True,1.4444640635824657
2025-12-30,SET:CK,3938650.0,2727305.4,True,1.4441543656973657
2025-12-30,SET:PTTEP,7888255.0,5531056.0,True,1.426175218620097
2025-12-30,SET:LHFG,3728378.0,2621514.6,True,1.4222228630731257
2025-12-30,SET:BAM,7303516.0,5141496.6,True,1.4205039054192898
2025-12-30,SET:BEM,22375385.0,15785836.6,True,1.417434220749504
2025-12-30,SET:AURA,458441.0,334856.4,True,1.369067456975587
2025-12-30,SET:BJC,4342105.0,3284468.4,True,1.3220115011610403
2025-12-30,SET:BDMS,36795086.0,27848814.6,True,1.321244244270275
2025-12-30,SET:CPN,5180839.0,4007920.2,True,1.292650237896453
2025-12-30,SET:TRUE,78615742.0,65610179.2,True,1.1982247718049213
2025-12-30,SET:ADVANC,2728764.0,2351593.0,True,1.1603895742162866
2025-12-30,SET:RCL,730078.0,632194.8,True,1.1548307578613426
2025-12-30,SET:EGCO,1163625.0,1011727.4,True,1.1501368846983882
2025-12-30,SET:PTT,41210512.0,36020086.4,True,1.144098088559832
2025-12-30,SET:CPF,12804927.0,11350297.8,True,1.1281578004059065
2025-12-30,SET:PTTGC,21874764.0,19549196.0,True,1.1189597771693527
2025-12-30,SET:BLA,1586844.0,1425936.2,True,1.1128436181085801
2025-12-30,SET:GLOBAL,6003250.0,5415760.0,True,1.108477849830864
2025-12-30,SET:AWC,27074641.0,24472009.6,True,1.1063513557954798
2025-12-30,SET:AMATA,9877198.0,9663514.4,True,1.0221124107809059
2025-12-30,SET:SPALI,2389880.0,2353731.2,True,1.0153580833699276
2025-12-29,SET:BAY,454961.0,85984.4,True,5.291203985839292
2025-12-29,SET:BKIH,12640.0,2685.2,True,4.707284373603456
2025-12-29,SET:AEONTS,599610.0,167319.6,True,3.583620807126003
2025-12-29,SET:STA,6294439.0,1833448.0,True,3.4331156378582866
2025-12-29,SET:THAI,54562064.0,21107962.6,True,2.5849043336849573
2025-12-29,SET:RATCH,3163209.0,1226414.2,True,2.579233834702827
2025-12-29,SET:CPALL,26735359.0,11031408.2,True,2.42356719244602
2025-12-29,SET:BEM,27940828.0,12969683.6,True,2.154318398330087
2025-12-29,SET:MEGA,870227.0,420469.2,True,2.0696569451460416
2025-12-29,SET:BANPU,75225346.0,38231906.8,True,1.9676064391326673
2025-12-29,SET:TASCO,2221212.0,1223243.4,True,1.8158381234674965
2025-12-29,SET:EGCO,1509852.0,891844.6,True,1.692954131246632
2025-12-29,SET:LHFG,4809303.0,2856664.6,True,1.6835378574019504
2025-12-29,SET:PTTEP,9560861.0,5684771.2,True,1.681837432612943
2025-12-29,SET:RAM,40340.0,24505.8,True,1.6461409135796423
2025-12-29,SET:TRUE,92923118.0,56610538.6,True,1.6414455735278943
2025-12-29,SET:CPN,6452299.0,3931009.0,True,1.6413849472234736
2025-12-29,SET:VIBHA,248611.0,151644.6,True,1.6394319349320714
2025-12-29,SET:GLOBAL,7370529.0,5079195.6,True,1.4511213153515885
2025-12-29,SET:TFG,9648778.0,6994597.4,True,1.3794615255482752
2025-12-29,SET:PB,9614.0,7042.2,True,1.365198375507654
2025-12-29,SET:ADVANC,3099569.0,2305841.4,True,1.3442247155420144
2025-12-29,SET:BBL,5391219.0,4202888.0,True,1.2827415339166783
2025-12-29,SET:DELTA,11501972.0,9157563.6,True,1.2560078752824606
2025-12-29,SET:SCC,2318985.0,1865476.4,True,1.2431060505509477
2025-12-29,SET:BCP,3273538.0,2705615.8,True,1.2099049687690322
2025-12-29,SET:SPC,3300.0,2743.2,True,1.2029746281714786
2025-12-29,SET:SCCC,60975.0,51034.2,True,1.1947870251713557
2025-12-29,SET:TLI,16872877.0,14454823.8,True,1.1672834780594143
2025-12-29,SET:SCB,6854640.0,6094711.4,True,1.1246865602200622
2025-12-29,SET:TU,8351680.0,7492797.2,True,1.1146277921414982
2025-12-29,SET:BJC,3934348.0,3554111.2,True,1.106985060006001
2025-12-29,SET:LH,31965860.0,29118013.8,True,1.0978035871389002
2025-12-29,SET:KBANK,5353489.0,5027353.4,True,1.0648722248171374
2025-12-29,SET:SIRI,27869839.0,26234874.6,True,1.0623202673894236
2025-12-29,SET:PTT,38891304.0,36996710.6,True,1.0512097797148485
2025-12-29,SET:GULF,17022645.0,16454001.4,True,1.0345595935101841
2025-12-29,SET:TTW,1009381.0,1000422.0,True,1.0089552208967816
2025-12-29,SET:SPALI,2547766.0,2527065.2,True,1.0081916366859074
2025-12-26,SET:CREDIT,924113.0,290637.8,True,3.1796036165977037
2025-12-26,SET:THAI,39117524.0,17943296.0,True,2.1800634621420723
2025-12-26,SET:RCL,1385082.0,734949.4,True,1.8845950483121694
2025-12-26,SET:MTC,8331088.0,4749330.8,True,1.7541603966605148
2025-12-26,SET:OSP,14936031.0,8573637.2,True,1.7420880603625264
2025-12-26,SET:PB,11427.0,7082.4,True,1.6134361233480177
2025-12-26,SET:MRDIYT,6884691.0,4386657.0,True,1.569461893191102
2025-12-26,SET:BCH,13915021.0,9171142.8,True,1.5172614038896002
2025-12-26,SET:TIDLOR,12690757.0,9417669.2,True,1.347547543929447
2025-12-26,SET:SPRC,11368760.0,8441110.0,True,1.3468323478784188
2025-12-26,SET:TOA,1168438.0,895802.4,True,1.3043479231580535
2025-12-26,SET:BLA,1996577.0,1565521.0,True,1.2753434799022179
2025-12-26,SET:STGT,5138162.0,4059624.8,True,1.2656741086023517
2025-12-26,SET:BEM,14045671.0,13526351.8,True,1.0383931460366127
2025-12-26,SET:KKP,2638490.0,2625248.6,True,1.005043865179092
2025-12-25,SET:KCE,50139543.0,9017594.2,True,5.560190654842287
2025-12-25,SET:EA,49135877.0,21477342.0,True,2.287800650564674
2025-12-25,SET:RAM,44864.0,25200.4,True,1.7802892017587022
2025-12-25,SET:OSP,11599077.0,7028322.8,True,1.6503335617994097
2025-12-25,SET:JTS,3726914.0,2547815.8,True,1.4627878514608474
2025-12-25,SET:PLANB,17431375.0,12716181.8,True,1.3708025942189659
2025-12-25,SET:CREDIT,254052.0,246190.6,True,1.0319321696279224
2025-12-25,SET:MRDIYT,4212807.0,4125210.6,True,1.0212344067961039
2025-12-25,SET:MBK,1623983.0,1610400.2,True,1.0084344251820139
2025-12-24,SET:BPP,378865852.0,4828408.8,True,78.46598490169266
2025-12-24,SET:SPC,5200.0,1560.6,True,3.3320517749583494
2025-12-24,SET:CREDIT,460979.0,157496.8,True,2.9269102610338753
2025-12-24,SET:STGT,7276134.0,3178265.8,True,2.28934093555045
2025-12-24,SET:BH,3363699.0,1939598.6,True,1.7342242874376173
2025-12-24,SET:IVL,40733597.0,25571844.4,True,1.5929080578951123
2025-12-24,SET:PTTGC,34928089.0,22543292.0,True,1.5493783694058525
2025-12-24,SET:KCE,10708982.0,7583440.6,True,1.412153475560948
2025-12-24,SET:MINT,24129748.0,17367336.4,True,1.389375287277789
2025-12-24,SET:CK,4138351.0,3073962.4,True,1.346259472789908
2025-12-24,SET:EA,31238158.0,23919529.2,True,1.3059687646360532
2025-12-24,SET:BDMS,52427822.0,40197668.4,True,1.3042503231356573
2025-12-24,SET:TTB,525570843.0,416964773.4,True,1.2604682134522014
2025-12-24,SET:JTS,3121953.0,2499001.4,True,1.2492802124880762
2025-12-24,SET:SPALI,3756979.0,3282703.2,True,1.1444772101236567
2025-12-24,SET:IRPC,47123453.0,41355504.8,True,1.1394723200186885
2025-12-24,SET:TRUE,72685124.0,66096087.0,True,1.09968876069774
2025-12-24,SET:BCH,10657832.0,9710800.4,True,1.0975235367828176
2025-12-24,SET:COM7,10400199.0,9595163.6,True,1.0839001223491385
2025-12-24,SET:MRDIYT,4707315.0,4420366.4,True,1.0649151165387556
2025-12-24,SET:ADVANC,3549086.0,3366945.2,True,1.0540967521538513
2025-12-24,SET:SCC,2303744.0,2258219.8,True,1.020159330814476
2025-12-23,SET:CREDIT,371237.0,85457.4,True,4.344117653942198
2025-12-23,SET:CRC,39726824.0,12653078.8,True,3.1396962453122477
2025-12-23,SET:TTW,2504310.0,1082013.4,True,2.314490744754178
2025-12-23,SET:BTG,5529807.0,2392718.0,True,2.3110985080565283
2025-12-23,SET:HMPRO,60436643.0,26948334.2,True,2.242685672200102
2025-12-23,SET:CK,5287940.0,2416930.0,True,2.1878747005498713
2025-12-23,SET:RAM,37232.0,17420.8,True,2.137215282880235
2025-12-23,SET:AURA,563591.0,299573.0,True,1.8813144041686
2025-12-23,SET:GPSC,11456401.0,6359343.4,True,1.8015068977089679
2025-12-23,SET:BH,2939374.0,1658796.2,True,1.7719922435317854
2025-12-23,SET:STGT,4493711.0,2673844.6,True,1.6806178638803466
2025-12-23,SET:MRDIYT,6018063.0,3584108.8,True,1.679096069851451
2025-12-23,SET:KCE,10080780.0,6102170.4,True,1.6519990985502468
2025-12-23,SET:CCET,35019507.0,21372064.0,True,1.6385645766361172
2025-12-23,SET:JTS,4121224.0,2532762.0,True,1.627165916102658
2025-12-23,SET:OSP,8903258.0,5949383.0,True,1.4965010657407667
2025-12-23,SET:TASCO,1798742.0,1279080.6,True,1.4062772901097866
2025-12-23,SET:TRUE,80909836.0,58630777.6,True,1.379989133898166
2025-12-23,SET:MBK,2361109.0,1736205.0,True,1.3599252392430616
2025-12-23,SET:RATCH,2500193.0,1892048.8,True,1.3214209908327945
2025-12-23,SET:BANPU,74968294.0,57921003.8,True,1.2943196609448264
2025-12-23,SET:IRPC,45519458.0,35612507.2,True,1.2781874004085845
2025-12-23,SET:OR,14656463.0,11668804.0,True,1.2560381509536025
2025-12-23,SET:GULF,27506448.0,22627812.2,True,1.2156035129193798
2025-12-23,SET:WHA,78363946.0,64789005.8,True,1.2095253667251058
2025-12-23,SET:IVL,32504562.0,27115154.2,True,1.1987599908246143
2025-12-23,SET:AMATA,20035478.0,17596218.6,True,1.1386240677869277
2025-12-23,SET:SCC,2376044.0,2128257.6,True,1.116426883662955
2025-12-23,SET:MEGA,793606.0,713781.0,True,1.1118340219198886
2025-12-23,SET:TIDLOR,13183069.0,12012729.2,True,1.097424971504394
2025-12-23,SET:SCGP,8761109.0,8150262.4,True,1.0749480900148687
2025-12-23,SET:CPALL,18124240.0,17418135.6,True,1.0405384603849335
2025-12-23,SET:ITC,8393442.0,8217183.0,True,1.021450051678294
2025-12-23,SET:KTC,17490773.0,17136266.8,True,1.0206874813597089
2025-12-23,SET:BGRIM,11540550.0,11312424.2,True,1.0201659516976034
2025-12-23,SET:AEONTS,294649.0,289986.0,True,1.0160800866248716
2025-12-23,SET:CPAXT,6629380.0,6529147.8,True,1.015351498092906
2025-12-23,SET:CPN,5744881.0,5718988.8,True,1.004527408761493
2025-12-23,SET:TLI,18409632.0,18374975.2,True,1.0018860868993174
2025-12-22,SET:CREDIT,191922.0,49552.4,True,3.8731120995148567
2025-12-22,SET:IRPC,86206332.0,24279178.8,True,3.5506279973522004
2025-12-22,SET:CCET,44301062.0,15093872.4,True,2.935036207143238
2025-12-22,SET:SCGP,17131184.0,5995744.6,True,2.8572237716729965
2025-12-22,SET:AWC,97774729.0,37019816.4,True,2.6411457027107246
2025-12-22,SET:TASCO,2197019.0,933706.8,True,2.353007389471727
2025-12-22,SET:HMPRO,46045452.0,20620785.0,True,2.232963100095365
2025-12-22,SET:LHFG,5985053.0,2755605.6,True,2.1719555948064557
2025-12-22,SET:BTG,3329620.0,1857782.4,True,1.7922551101786732
2025-12-22,SET:BLA,2888220.0,1689001.0,True,1.7100167495460334
2025-12-22,SET:PTTEP,10329437.0,6391987.8,True,1.6159976087563872
2025-12-22,SET:BTS,71602354.0,44414469.6,True,1.6121402471954769
2025-12-22,SET:TOP,10082738.0,6280736.8,True,1.6053431820292168
2025-12-22,SET:SPI,7950.0,5030.0,True,1.58051689860835
2025-12-22,SET:KCE,8592455.0,5590491.2,True,1.5369767508085872
2025-12-22,SET:CBG,3474647.0,2505033.0,True,1.3870663580080582
2025-12-22,SET:MBK,2088561.0,1515747.8,True,1.3779079870675055
2025-12-22,SET:PTTGC,31934053.0,23247649.0,True,1.373646556690528
2025-12-22,SET:STGT,3314274.0,2433280.4,True,1.3620600404293728
2025-12-22,SET:TLI,23068030.0,17285765.0,True,1.3345102169328347
2025-12-22,SET:BCH,12914391.0,9933287.6,True,1.3001124622627458
2025-12-22,SET:MRDIYT,4566706.0,3625968.8,True,1.259444372494325
2025-12-22,SET:OSP,7845809.0,6331420.8,True,1.2391861554992523
2025-12-22,SET:DELTA,17716280.0,14624042.0,True,1.2114489277314713
2025-12-22,SET:KKP,4400954.0,3657877.2,True,1.2031442717650553
2025-12-22,SET:BH,2197630.0,1920629.2,True,1.1442239865977255
2025-12-22,SET:TISCO,4571531.0,4025474.2,True,1.1356503042548378
2025-12-22,SET:CPN,6067743.0,5498083.2,True,1.103610618333313
2025-12-22,SET:SCC,2985259.0,2713325.2,True,1.1002216026298652
2025-12-22,SET:CRC,12863365.0,11787502.4,True,1.0912714639192778
2025-12-22,SET:RCL,1367664.0,1253371.6,True,1.0911879605378005
2025-12-22,SET:LH,52067159.0,47787552.6,True,1.089554835248039
2025-12-22,SET:IVL,28751621.0,26730102.4,True,1.0756270428653503
2025-12-22,SET:CPF,22337245.0,21459206.2,True,1.040916648631672
2025-12-22,SET:SCCC,75147.0,73691.2,True,1.019755411772369
2025-12-22,SET:SPALI,3414436.0,3355263.2,True,1.0176358146806486
2025-12-22,SET:AURA,274635.0,273769.2,True,1.0031625179165515
2025-12-19,SET:CREDIT,174999.0,27574.0,True,6.346522086023065
2025-12-19,SET:SPI,13449.0,2380.2,True,5.6503655155029
2025-12-19,SET:RAM,48422.0,12864.8,True,3.7639139357005162
2025-12-19,SET:TU,28948931.0,8351980.8,True,3.466115606970744
2025-12-19,SET:VIBHA,1168956.0,360375.2,True,3.2437193236382527
2025-12-19,SET:KTB,108475568.0,34324934.8,True,3.160255616858448
2025-12-19,SET:BTS,110228328.0,35358909.8,True,3.1174130826850326
2025-12-19,SET:BAM,26084504.0,9678099.0,True,2.695209462106143
2025-12-19,SET:TRUE,111663656.0,45438735.2,True,2.457455197828658
2025-12-19,SET:TFMAMA,8305.0,3429.2,True,2.421847661262102
2025-12-19,SET:SCCC,116584.0,55817.2,True,2.0886751753939645
2025-12-19,SET:AMATA,23370125.0,12723874.0,True,1.8367145886543674
2025-12-19,SET:TTW,2383139.0,1348824.0,True,1.7668272509979064
2025-12-19,SET:PTTEP,9590540.0,5446340.6,True,1.7609144753084303
2025-12-19,SET:TLI,25132015.0,14428730.0,True,1.7418036791872882
2025-12-19,SET:AWC,50951339.0,31178914.0,True,1.634160157085651
2025-12-19,SET:EGCO,1911900.0,1224356.6,True,1.5615548607325676
2025-12-19,SET:BTG,2383015.0,1575507.8,True,1.5125377354526583
2025-12-19,SET:TFG,31641674.0,21326107.6,True,1.4837060092484948
2025-12-19,SET:TIDLOR,16456052.0,11175535.4,True,1.4725068116199604
2025-12-19,SET:CPF,26310367.0,18409454.6,True,1.429176886098516
2025-12-19,SET:PTT,68507371.0,48848149.8,True,1.4024557998714622
2025-12-19,SET:KCE,8070742.0,5767462.2,True,1.399357589201018
2025-12-19,SET:MEGA,914177.0,669538.0,True,1.365384787719293
2025-12-19,SET:LHFG,5253558.0,4083918.8,True,1.2864011889756477
2025-12-19,SET:CCET,17822540.0,13929161.0,True,1.279512814878082
2025-12-19,SET:OSP,8083553.0,6357764.6,True,1.2714457845765477
2025-12-19,SET:CPALL,22693646.0,18077944.2,True,1.2553222727615234
2025-12-19,SET:AEONTS,347027.0,277011.0,True,1.2527553057459813
2025-12-19,SET:HMPRO,27942433.0,22589344.6,True,1.236974046604256
2025-12-19,SET:KTC,19676132.0,16490508.6,True,1.1931792085539437
2025-12-19,SET:CPN,5748715.0,4854908.4,True,1.1841037000821684
2025-12-19,SET:RATCH,2172298.0,1873199.0,True,1.1596728377497532
2025-12-19,SET:BCPG,11653443.0,10397960.4,True,1.1207431603605644
2025-12-19,SET:OR,15376775.0,14047913.8,True,1.0945949141572893
2025-12-19,SET:GLOBAL,11173305.0,10342101.2,True,1.0803708824663214
2025-12-19,SET:VGI,151164579.0,141267748.2,True,1.0700572559986485
2025-12-19,SET:BBL,7554579.0,7345580.2,True,1.0284523202129083
2025-12-19,SET:CRC,13352770.0,13075903.0,True,1.021173834036548
2025-12-19,SET:ADVANC,4030599.0,3974098.2,True,1.0142172631768385
2025-12-18,SET:BAY,1250251.0,130133.4,True,9.607456656016058
2025-12-18,SET:BCPG,29108351.0,6621275.2,True,4.396185043026153
2025-12-18,SET:TISCO,8473592.0,2116764.6,True,4.003086597347669
2025-12-18,SET:KKP,6575602.0,2216847.2,True,2.9661954148215535
2025-12-18,SET:PTT,93531188.0,34319604.8,True,2.7252990978497516
2025-12-18,SET:TCAP,5533838.0,2133728.6,True,2.5935060344600527
2025-12-18,SET:BPP,10660542.0,4286996.4,True,2.48671587407911
2025-12-18,SET:TTB,952063738.0,387834294.0,True,2.4548209189566923
2025-12-18,SET:TFMAMA,9887.0,4194.2,True,2.357302942158219
2025-12-18,SET:CKP,16593434.0,7216205.4,True,2.299468083322573
2025-12-18,SET:TIDLOR,18818266.0,8196570.8,True,2.2958706096944836
2025-12-18,SET:KTB,59212758.0,27046435.6,True,2.1892998721058827
2025-12-18,SET:ITC,11165198.0,5328139.8,True,2.095515211519037
2025-12-18,SET:BJC,12980233.0,6301080.8,True,2.060001039821613
2025-12-18,SET:BTG,2986156.0,1474197.6,True,2.025614476648178
2025-12-18,SET:BLA,3170005.0,1580647.2,True,2.00551078064732
2025-12-18,SET:AMATA,19675965.0,9943658.6,True,1.9787450265036253
2025-12-18,SET:MTC,15539272.0,7937929.0,True,1.957597756291345
2025-12-18,SET:LH,74927306.0,38355639.6,True,1.953488633780989
2025-12-18,SET:PTTEP,8764246.0,4527754.6,True,1.9356716019900904
2025-12-18,SET:SAWAD,17788347.0,9551631.4,True,1.8623359984347805
2025-12-18,SET:AP,12037968.0,6485670.8,True,1.8560868060093338
2025-12-18,SET:KTC,23136320.0,12979101.2,True,1.782582602869296
2025-12-18,SET:OR,20100632.0,11716033.0,True,1.7156517056583913
2025-12-18,SET:TFG,28112356.0,16592536.0,True,1.694277234052709
2025-12-18,SET:BBL,11277732.0,6767121.6,True,1.6665478569204373
2025-12-18,SET:BGRIM,16013444.0,9771178.4,True,1.6388447067960605
2025-12-18,SET:CRC,18153489.0,11190524.6,True,1.6222196589425308
2025-12-18,SET:GPSC,9190443.0,5666498.2,True,1.621891100221297
2025-12-18,SET:WHA,93824604.0,57913226.0,True,1.6200894075560563
2025-12-18,SET:BCP,8698225.0,5382174.2,True,1.6161173304275436
2025-12-18,SET:SCB,16058513.0,10211225.6,True,1.5726332596157704
2025-12-18,SET:EGCO,1550127.0,1002923.0,True,1.5456091843541329
2025-12-18,SET:HMPRO,30786677.0,20353538.8,True,1.512595785063185
2025-12-18,SET:KCE,7635012.0,5081015.4,True,1.502654764636218
2025-12-18,SET:THAI,32984542.0,22481275.4,True,1.4672006553507193
2025-12-18,SET:GLOBAL,13456427.0,9225465.6,True,1.4586176550265388
2025-12-18,SET:PLANB,29909654.0,20979267.2,True,1.425676774830343
2025-12-18,SET:TASCO,1458723.0,1034114.4,True,1.4106011868706207
2025-12-18,SET:BA,9368851.0,6856575.4,True,1.366403846444976
2025-12-18,SET:SPI,2701.0,1980.0,True,1.364141414141414
2025-12-18,SET:RATCH,2080857.0,1526624.8,True,1.3630441481102626
2025-12-18,SET:CPAXT,10360854.0,7704936.2,True,1.3447034123397414
2025-12-18,SET:SIRI,69310298.0,51899778.0,True,1.3354642480358971
2025-12-18,SET:COM7,11416360.0,8549885.8,True,1.3352646183882362
2025-12-18,SET:CENTEL,4138244.0,3164695.4,True,1.307627899986836
2025-12-18,SET:AURA,313801.0,241420.6,True,1.299810372437149
2025-12-18,SET:BKIH,13903.0,10715.2,True,1.2975026131103478
2025-12-18,SET:SCCC,61857.0,48075.0,True,1.2866770670826833
2025-12-18,SET:SCGP,8153292.0,6371090.0,True,1.2797326674085596
2025-12-18,SET:VIBHA,453103.0,357146.6,True,1.2686751042849072
2025-12-18,SET:CREDIT,31816.0,25925.6,True,1.227203999135989
2025-12-18,SET:SPALI,3633132.0,2978829.2,True,1.2196509957670616
2025-12-18,SET:TOA,2550757.0,2104505.6,True,1.2120457175309962
2025-12-18,SET:MBK,1530110.0,1275141.4,True,1.1999531973473687
2025-12-18,SET:KBANK,12012663.0,10026373.0,True,1.1981065336388343
2025-12-18,SET:STA,4181959.0,3584523.4,True,1.1666708606226424
2025-12-18,SET:AWC,33879353.0,29092773.6,True,1.16452812185635
2025-12-18,SET:RAM,14115.0,12242.0,True,1.1529978761640254
2025-12-18,SET:CPALL,18666794.0,16610842.6,True,1.1237716502111699
2025-12-18,SET:DELTA,16436197.0,14684090.8,True,1.1193200330796103
2025-12-18,SET:STGT,3808182.0,3425521.2,True,1.111708781717655
2025-12-18,SET:TOP,7190531.0,6532235.4,True,1.1007764662002228
2025-12-18,SET:GULF,24463506.0,22268536.0,True,1.0985682219971713
2025-12-18,SET:BEM,20641764.0,19278724.4,True,1.0707017524458207
2025-12-18,SET:TVO,1343030.0,1256596.2,True,1.068784069218099
2025-12-18,SET:IVL,29128327.0,27281250.0,True,1.0677049988545246
2025-12-18,SET:BCH,10756932.0,10164226.0,True,1.0583129497514125
2025-12-18,SET:MINT,24943704.0,23606923.8,True,1.0566266156202868
2025-12-17,SET:BJC,18199983.0,2953088.4,True,6.1630335888353365
2025-12-17,SET:SPI,4600.0,1080.4,True,4.25768233987412
2025-12-17,SET:KKP,5789124.0,1413482.2,True,4.095646906625354
2025-12-17,SET:AMATA,25665307.0,6416794.0,True,3.999708733052674
2025-12-17,SET:BEM,45046834.0,11706459.6,True,3.8480322436682735
2025-12-17,SET:AEONTS,506053.0,157381.2,True,3.215460296401349
2025-12-17,SET:AURA,502521.0,161658.8,True,3.1085285799473956
2025-12-17,SET:PTT,71082325.0,24495281.4,True,2.9018782776669796
2025-12-17,SET:KTC,23498585.0,9056428.2,True,2.594685728309534
2025-12-17,SET:GPSC,10839483.0,4434796.2,True,2.4441896563364063
2025-12-17,SET:RATCH,2596446.0,1082800.8,True,2.397898117548491
2025-12-17,SET:SPALI,5237355.0,2221599.2,True,2.3574706904827836
2025-12-17,SET:TISCO,4209637.0,1895413.4,True,2.2209598180534127
2025-12-17,SET:BPP,7024478.0,3229858.2,True,2.174856468931051
2025-12-17,SET:SCCC,78733.0,36458.0,True,2.15955345877448
2025-12-17,SET:WHA,97854366.0,45333743.2,True,2.158532675501634
2025-12-17,SET:IRPC,38081909.0,18391908.6,True,2.0705795047285087
2025-12-17,SET:ITC,8024643.0,4017004.2,True,1.997668561063491
2025-12-17,SET:TFG,25349717.0,12734084.4,True,1.9906980512866712
2025-12-17,SET:BAM,14885670.0,7711400.8,True,1.9303457810155582
2025-12-17,SET:MBK,1915527.0,1038983.2,True,1.843655412330055
2025-12-17,SET:TIDLOR,11625971.0,6469078.6,True,1.797160263286954
2025-12-17,SET:BANPU,105519232.0,60440185.4,True,1.7458456042393278
2025-12-17,SET:MEGA,1120161.0,697441.8,True,1.6060996057305426
2025-12-17,SET:TLI,21087549.0,13254209.2,True,1.591007707951373
2025-12-17,SET:TVO,1819777.0,1148542.0,True,1.5844235561259405
2025-12-17,SET:BTG,2304786.0,1471435.4,True,1.5663521483851754
2025-12-17,SET:KTB,33860604.0,22119571.2,True,1.530798390883816
2025-12-17,SET:GULF,28959586.0,19426055.0,True,1.490760012776655
2025-12-17,SET:CK,3655084.0,2467971.4,True,1.4810074379306017
2025-12-17,SET:CBG,3516093.0,2382817.2,True,1.4756033320558537
2025-12-17,SET:RAM,18101.0,12316.4,True,1.4696664609788574
2025-12-17,SET:COM7,10917801.0,7463408.2,True,1.4628438787523372
2025-12-17,SET:SAWAD,11843419.0,8256695.6,True,1.4344017962827649
2025-12-17,SET:TCAP,2841600.0,2011347.6,True,1.4127841453163044
2025-12-17,SET:EA,43449094.0,30844708.8,True,1.4086401100988835
2025-12-17,SET:GLOBAL,13295793.0,9518599.4,True,1.3968224148607409
2025-12-17,SET:SCB,12759063.0,9136414.2,True,1.3965066294827133
2025-12-17,SET:BGRIM,13953967.0,10025351.2,True,1.391868147222613
2025-12-17,SET:EGCO,1237390.0,919099.0,True,1.3463076338892763
2025-12-17,SET:BCPG,8276280.0,6149267.6,True,1.3458968674578418
2025-12-17,SET:CPN,5684871.0,4263431.4,True,1.3334027140673588
2025-12-17,SET:TTB,448687021.0,339225541.2,True,1.3226805370043286
2025-12-17,SET:MTC,8945373.0,6796479.0,True,1.316177538398927
2025-12-17,SET:LH,43539112.0,33417443.0,True,1.302885801286472
2025-12-17,SET:BLA,1892540.0,1463119.0,True,1.2934969746138216
2025-12-17,SET:BA,7492584.0,5872157.6,True,1.2759507680788404
2025-12-17,SET:STA,3719273.0,2917738.4,True,1.2747109199371678
2025-12-17,SET:PB,28005.0,22526.0,True,1.2432300452810086
2025-12-17,SET:TOA,2551880.0,2081433.4,True,1.2260204914555517
2025-12-17,SET:PTTEP,5582857.0,4587043.0,True,1.2170927981272466
2025-12-17,SET:CPF,21282017.0,17756623.2,True,1.1985396525168142
2025-12-17,SET:AWC,28822837.0,24920621.4,True,1.1565858064839427
2025-12-17,SET:TRUE,51021722.0,48214446.2,True,1.0582247857489648
2025-12-17,SET:TOP,6662055.0,6503645.8,True,1.0243569845085967
2025-12-16,SET:SPC,2856887.0,701.2,True,4074.282658300057
2025-12-16,SET:SPI,4300.0,540.8,True,7.951183431952663
2025-12-16,SET:ITC,12060702.0,2129409.4,True,5.663871869824563
2025-12-16,SET:CENTEL,8675345.0,1695501.0,True,5.116685274735904
2025-12-16,SET:TFG,30207980.0,9057952.6,True,3.3349677718560815
2025-12-16,SET:STA,5872781.0,2037415.8,True,2.882465621401385
2025-12-16,SET:PTTGC,38419824.0,14432619.4,True,2.6620132448029494
2025-12-16,SET:MBK,1966307.0,832712.6,True,2.3613273054833086
2025-12-16,SET:SCCC,58845.0,27313.2,True,2.154452792056588
2025-12-16,SET:BJC,5241672.0,2556095.0,True,2.0506561767070473
2025-12-16,SET:WHA,72157100.0,36857909.0,True,1.9577100806234016
2025-12-16,SET:IVL,40221111.0,20841647.2,True,1.9298431939678933
2025-12-16,SET:SIRI,122031920.0,69888706.0,True,1.7460892751398203
2025-12-16,SET:BAM,13473431.0,7866215.2,True,1.7128225782584743
2025-12-16,SET:CPN,6868009.0,4147248.6,True,1.656039862187186
2025-12-16,SET:BA,8404044.0,5273959.8,True,1.5934979254108081
2025-12-16,SET:THAI,35641125.0,22627919.4,True,1.5750951013198324
2025-12-16,SET:TTB,457524250.0,309791273.2,True,1.4768790782063903
2025-12-16,SET:AP,7238515.0,5227736.6,True,1.384636517455757
2025-12-16,SET:RATCH,1506403.0,1117249.0,True,1.3483144760031112
2025-12-16,SET:BGRIM,12334998.0,9351353.0,True,1.319060247217702
2025-12-16,SET:CCET,17291209.0,13180180.8,True,1.311909848763228
2025-12-16,SET:AURA,208380.0,158853.2,True,1.3117771628144725
2025-12-16,SET:DELTA,17102463.0,13186291.0,True,1.2969881371494076
2025-12-16,SET:EGCO,1132284.0,887056.4,True,1.2764509674920332
2025-12-16,SET:CPF,20142939.0,15999118.6,True,1.259003042830122
2025-12-16,SET:AMATA,8692421.0,6968697.2,True,1.247352374558619
2025-12-16,SET:AWC,29523820.0,24199522.4,True,1.2200166396672358
2025-12-16,SET:SPALI,2708426.0,2264312.6,True,1.196136081210695
2025-12-16,SET:KTC,10427348.0,8823422.2,True,1.1817804660871833
2025-12-16,SET:TASCO,1308490.0,1123831.4,True,1.1643116574247705
2025-12-16,SET:VGI,118578961.0,101939683.6,True,1.1632266926125716
2025-12-16,SET:BCP,6539498.0,5659460.2,True,1.1554985403024833
2025-12-16,SET:SCB,11252610.0,9853311.0,True,1.1420130756047384
2025-12-16,SET:KTB,31079651.0,27496310.2,True,1.1303207875506147
2025-12-16,SET:JTS,4290027.0,3811266.2,True,1.1256172554937254
2025-12-16,SET:GULF,20334700.0,18278417.2,True,1.1124978589502816
2025-12-16,SET:SAWAD,8592431.0,7907153.4,True,1.0866655249157047
2025-12-16,SET:SPRC,19628363.0,18067260.2,True,1.086405065445396
2025-12-16,SET:EA,31164598.0,28768891.0,True,1.0832742214498292
2025-12-16,SET:CKP,8209166.0,7615635.0,True,1.0779358517050779
2025-12-16,SET:BEM,12319445.0,11580341.8,True,1.0638239537972878
2025-12-16,SET:PTT,26561266.0,25542229.4,True,1.0398961493940697
2025-12-16,SET:BCH,9125838.0,8889454.2,True,1.026591486347947
2025-12-16,SET:LH,30206562.0,29864365.2,True,1.0114583651019644
2025-12-15,SET:EA,62328450.0,18285654.4,True,3.4085982725343427
2025-12-15,SET:AP,11027692.0,3644946.6,True,3.0254742277980147
2025-12-15,SET:SPRC,37469321.0,13842457.4,True,2.706840260891827
2025-12-15,SET:BA,10404187.0,4210791.0,True,2.470839089377744
2025-12-15,SET:CK,5519546.0,2271656.0,True,2.4297455248505937
2025-12-15,SET:TTW,3133224.0,1314728.6,True,2.383171705552005
2025-12-15,SET:AWC,41921733.0,19018549.4,True,2.204255020627388
2025-12-15,SET:THAI,44659742.0,20977561.0,True,2.12892919248334
2025-12-15,SET:SPALI,3800888.0,1925989.0,True,1.9734733687471735
2025-12-15,SET:IRPC,29539690.0,16123428.2,True,1.8320973451539295
2025-12-15,SET:VGI,146709342.0,80101148.4,True,1.83155104427941
2025-12-15,SET:SCC,5910597.0,3414650.8,True,1.730952107899291
2025-12-15,SET:OSP,9755998.0,5680262.0,True,1.7175260577769125
2025-12-15,SET:OR,20065775.0,11722894.8,True,1.7116740653511622
2025-12-15,SET:JTS,5097022.0,3040462.0,True,1.6763972054247018
2025-12-15,SET:SCCC,52437.0,32071.4,True,1.6350081380918824
2025-12-15,SET:KTC,11237567.0,7127257.4,True,1.5767028422461633
2025-12-15,SET:LH,39806662.0,25932445.0,True,1.5350138407697385
2025-12-15,SET:TFG,13664583.0,9113839.0,True,1.4993224040933792
2025-12-15,SET:RCL,2333269.0,1584229.2,True,1.4728102474061202
2025-12-15,SET:AEONTS,241570.0,165366.0,True,1.4608202411620286
2025-12-15,SET:IVL,26826362.0,18430739.8,True,1.455522800012618
2025-12-15,SET:CPF,22138489.0,15313438.4,True,1.445690276848601
2025-12-15,SET:PTTGC,20164255.0,14043150.6,True,1.4358782850338443
2025-12-15,SET:BJC,3353777.0,2355220.4,True,1.4239758623014644
2025-12-15,SET:TTB,466797047.0,333397250.8,True,1.4001226641188607
2025-12-15,SET:TLI,17621979.0,12835657.0,True,1.3728926380628588
2025-12-15,SET:KBANK,14470148.0,10740325.8,True,1.3472727242594447
2025-12-15,SET:WHA,49391291.0,36908603.8,True,1.3382053482066423
2025-12-15,SET:COM7,9382137.0,7032488.6,True,1.3341133606672324
2025-12-15,SET:MBK,986275.0,767581.8,True,1.2849119142741527
2025-12-15,SET:GULF,22969655.0,17932826.6,True,1.2808719736352103
2025-12-15,SET:TOP,8710809.0,6809682.4,True,1.2791799218125062
2025-12-15,SET:RAM,25924.0,20281.2,True,1.2782281127349466
2025-12-15,SET:EGCO,1081128.0,847100.8,True,1.276268420476052
2025-12-15,SET:BCH,13128473.0,10668254.4,True,1.2306111672777507
2025-12-15,SET:TOA,2479034.0,2058280.6,True,1.2044198444079977
2025-12-15,SET:TISCO,2923381.0,2440465.8,True,1.1978782902837648
2025-12-15,SET:CPALL,19576001.0,16424929.6,True,1.191846874034699
2025-12-15,SET:KCE,6034059.0,5325222.6,True,1.133109252559696
2025-12-15,SET:DELTA,13660039.0,12186105.4,True,1.1209519819186857
2025-12-15,SET:BCP,7143135.0,6416693.6,True,1.1132111715603812
2025-12-15,SET:BPP,3462020.0,3146050.8,True,1.100433597575729
2025-12-15,SET:ITC,2551127.0,2332349.2,True,1.0938014770686997
2025-12-15,SET:RATCH,1402266.0,1283390.0,True,1.0926265593467301
2025-12-15,SET:STA,1962555.0,1805514.6,True,1.0869781944715373
2025-12-15,SET:SCGP,6358595.0,6023406.8,True,1.0556476112488369
2025-12-15,SET:BDMS,67526067.0,64175745.2,True,1.0522054210599179
2025-12-15,SET:TIDLOR,6764708.0,6489310.8,True,1.0424385899346968
2025-12-15,SET:CPAXT,10709415.0,10443375.2,True,1.0254745036834452
2025-12-15,SET:CPN,4963215.0,4840578.8,True,1.0253350281168856
2025-12-15,SET:ADVANC,4408790.0,4355256.0,True,1.0122918147635869
2025-12-15,SET:GPSC,5010969.0,4954056.2,True,1.0114881215921612
2025-12-12,SET:VGI,261192658.0,32838821.4,True,7.953776867278191
2025-12-12,SET:PB,75119.0,12347.4,True,6.083790919545815
2025-12-12,SET:CREDIT,65107.0,15088.0,True,4.315151113467657
2025-12-12,SET:STA,4872138.0,1220656.0,True,3.9914095371669003
2025-12-12,SET:LH,65470991.0,17230129.0,True,3.799796913882653
2025-12-12,SET:MTC,16114266.0,4743791.8,True,3.39691678711532
2025-12-12,SET:KTC,14152723.0,5409335.2,True,2.6163516359644343
2025-12-12,SET:TIDLOR,13519761.0,5294195.8,True,2.5536949351212135
2025-12-12,SET:BDMS,124205926.0,49231995.8,True,2.5228700153569643
2025-12-12,SET:PLANB,44163117.0,18014536.4,True,2.4515267015142284
2025-12-12,SET:KCE,8955597.0,3990698.0,True,2.2441179462840837
2025-12-12,SET:SAWAD,16694080.0,7531967.0,True,2.2164303162772754
2025-12-12,SET:AEONTS,289797.0,135151.0,True,2.144246065511909
2025-12-12,SET:SCC,5791420.0,2916234.4,True,1.985924039576517
2025-12-12,SET:BJC,3450718.0,1887265.0,True,1.8284226115569355
2025-12-12,SET:AP,7556663.0,4311722.6,True,1.752585613926091
2025-12-12,SET:CRC,19794773.0,11901799.0,True,1.663174869614249
2025-12-12,SET:OSP,8215272.0,5198261.4,True,1.5803883967820471
2025-12-12,SET:BANPU,107042490.0,68349106.2,True,1.5661139691684804
2025-12-12,SET:HMPRO,37785231.0,24377328.4,True,1.5500152592603216
2025-12-12,SET:JTS,4045021.0,2660637.0,True,1.5203205097125236
2025-12-12,SET:TASCO,1638899.0,1105983.2,True,1.4818480063711637
2025-12-12,SET:RATCH,1780023.0,1204483.2,True,1.4778313221803343
2025-12-12,SET:EGCO,1120854.0,770222.2,True,1.4552346063252917
2025-12-12,SET:IVL,27398500.0,18878682.8,True,1.4512929895723445
2025-12-12,SET:SCGP,7499769.0,5346527.2,True,1.4027365277408483
2025-12-12,SET:CPAXT,12557118.0,9016283.6,True,1.392715508638171
2025-12-12,SET:PTTGC,18583181.0,13483552.8,True,1.378211015719833
2025-12-12,SET:ADVANC,5305347.0,3866014.2,True,1.3723040644806737
2025-12-12,SET:BEM,15469564.0,11432464.6,True,1.353125904277893
2025-12-12,SET:COM7,9213671.0,6875417.2,True,1.3400890057988044
2025-12-12,SET:BTS,64950529.0,48752136.4,True,1.3322601591670966
2025-12-12,SET:OR,14541839.0,10962459.2,True,1.3265124854466963
2025-12-12,SET:CPALL,23417090.0,17682073.6,True,1.3243407153332964
2025-12-12,SET:CKP,10783623.0,8190673.6,True,1.3165734012401618
2025-12-12,SET:BPP,4234648.0,3273785.8,True,1.2935018534199765
2025-12-12,SET:GPSC,5597882.0,4377885.4,True,1.278672575577241
2025-12-12,SET:LHFG,11895124.0,9522338.8,True,1.2491809260136806
2025-12-12,SET:GLOBAL,10586847.0,9001778.8,True,1.1760838868868895
2025-12-12,SET:BKIH,12014.0,10363.4,True,1.1592720535731518
2025-12-12,SET:AWC,21746827.0,18859113.0,True,1.1531203508881886
2025-12-12,SET:TFG,9295902.0,8349066.0,True,1.113406218132663
2025-12-12,SET:BA,4632259.0,4199555.2,True,1.1030356262491798
2025-12-12,SET:TTW,1212128.0,1150725.4,True,1.0533599067162331
2025-12-12,SET:DELTA,11478341.0,10935492.4,True,1.0496409837018403
2025-12-12,SET:BAM,7690043.0,7632568.0,True,1.007530230978617
2025-12-11,SET:TFMAMA,13712.0,2416.6,True,5.674087561036167
2025-12-11,SET:VGI,65676568.0,25026332.6,True,2.6242985358549897
2025-12-11,SET:DELTA,19037668.0,8589259.2,True,2.2164505176418476
2025-12-11,SET:AURA,263023.0,121816.2,True,2.1591791567952376
2025-12-11,SET:TU,26601337.0,12468709.0,True,2.1334475766496754
2025-12-11,SET:CREDIT,23574.0,12781.2,True,1.8444277532626043
2025-12-11,SET:CPF,24584160.0,13552963.6,True,1.8139324154902918
2025-12-11,SET:BTS,72633460.0,41117933.2,True,1.7664667055784797
2025-12-11,SET:STGT,6952095.0,3988521.6,True,1.7430255360783304
2025-12-11,SET:BKIH,13596.0,8044.8,True,1.690035799522673
2025-12-11,SET:BDMS,73447408.0,43521057.4,True,1.6876292164721163
2025-12-11,SET:JTS,3765309.0,2467897.2,True,1.5257154957670034
2025-12-11,SET:EA,26770440.0,17781090.0,True,1.5055567459587686
2025-12-11,SET:BEM,13844236.0,9364370.0,True,1.4783948092610608
2025-12-11,SET:SCGP,6513525.0,4588377.6,True,1.4195703945551474
2025-12-11,SET:BLA,2452745.0,1837086.8,True,1.3351274419913093
2025-12-11,SET:BTG,2479605.0,1882128.2,True,1.3174474512416317
2025-12-11,SET:PLANB,23649269.0,18021977.4,True,1.3122460690689803
2025-12-11,SET:CCET,20067467.0,15323189.6,True,1.3096142202665169
2025-12-11,SET:TLI,16212245.0,12410085.6,True,1.3063765652027413
2025-12-11,SET:PTTGC,17442758.0,13465476.6,True,1.2953687803371179
2025-12-11,SET:MBK,896336.0,721337.6,True,1.242602631555599
2025-12-11,SET:STA,1495870.0,1219052.0,True,1.2270764495690094
2025-12-11,SET:AWC,23448651.0,19422746.4,True,1.207277823490503
2025-12-11,SET:TASCO,1180280.0,1052939.2,True,1.1209384169570284
2025-12-11,SET:CENTEL,2753771.0,2599006.6,True,1.0595475209643561
2025-12-11,SET:IVL,20144987.0,19321978.6,True,1.0425944162881953
2025-12-09,SET:HMPRO,41999051.0,22327295.6,True,1.8810630607676462
2025-12-09,SET:TFMAMA,3721.0,2096.6,True,1.7747782123437947
2025-12-09,SET:JTS,3961100.0,2300726.0,True,1.7216739411820443
2025-12-09,SET:GLOBAL,14761462.0,9398148.8,True,1.57067762110768
2025-12-09,SET:TASCO,1456632.0,1053560.6,True,1.3825801762138787
2025-12-09,SET:BGRIM,15224831.0,11440861.2,True,1.3307416927669746
2025-12-09,SET:MRDIYT,22394159.0,16891776.0,True,1.3257433084596906
2025-12-09,SET:SCGP,6062659.0,4777738.8,True,1.2689389800882376
2025-12-09,SET:BTG,2290975.0,1837193.8,True,1.2469969145334585
2025-12-09,SET:BH,4743366.0,3814769.6,True,1.2434213589203396
2025-12-09,SET:MINT,43702565.0,36143968.6,True,1.2091246947353755
2025-12-09,SET:VIBHA,589504.0,490153.8,True,1.2026918897701089
2025-12-09,SET:PB,12348.0,10581.2,True,1.166975390314898
2025-12-09,SET:DELTA,9284693.0,8202091.4,True,1.1319909212423553
2025-12-09,SET:BAM,8053685.0,7354322.4,True,1.0950954502620118
2025-12-09,SET:BDMS,51196411.0,47272432.2,True,1.0830077619742189
2025-12-09,SET:BKIH,7600.0,7105.2,True,1.0696391375330745
2025-12-09,SET:PLANB,17240771.0,16753426.8,True,1.0290892248981562
2025-12-09,SET:CKP,8656981.0,8456665.2,True,1.0236873277187326
2025-12-09,SET:KCE,5303767.0,5249364.2,True,1.010363693187834
2025-12-08,SET:LHFG,25026276.0,3505531.4,True,7.139081966289049
2025-12-08,SET:BKIH,24021.0,4844.6,True,4.958304091153036
2025-12-08,SET:PB,23503.0,6141.6,True,3.826852937345317
2025-12-08,SET:MINT,74283905.0,28627598.0,True,2.5948354102219824
2025-12-08,SET:CK,5227455.0,2120105.8,True,2.465657610106062
2025-12-08,SET:VIBHA,840328.0,342212.0,True,2.455577244515096
2025-12-08,SET:CPAXT,18061822.0,8334735.8,True,2.1670539334912093
2025-12-08,SET:BAM,14247503.0,6621542.4,True,2.1516894613557107
2025-12-08,SET:KKP,4489463.0,2305636.2,True,1.9471688551732487
2025-12-08,SET:CBG,5777590.0,3097528.2,True,1.8652259566192164
2025-12-08,SET:BTG,2824525.0,1520869.8,True,1.8571773862562067
2025-12-08,SET:AURA,194352.0,105966.2,True,1.834094267794825
2025-12-08,SET:AEONTS,270550.0,159302.0,True,1.6983465367666444
2025-12-08,SET:TFMAMA,2772.0,1665.0,True,1.664864864864865
2025-12-08,SET:TVO,2182620.0,1316055.8,True,1.6584555153360518
2025-12-08,SET:DELTA,12470714.0,7584871.0,True,1.6441563739185545
2025-12-08,SET:KTC,9262318.0,5649720.4,True,1.6394294485794376
2025-12-08,SET:KTB,57963346.0,35380024.4,True,1.6383071233834423
2025-12-08,SET:OR,18823432.0,11632770.6,True,1.6181383306914003
2025-12-08,SET:AMATA,11451937.0,7201210.6,True,1.5902794177412338
2025-12-08,SET:BLA,2514903.0,1623951.6,True,1.5486317449362406
2025-12-08,SET:BH,4842253.0,3334882.0,True,1.4520013001959289
2025-12-08,SET:KBANK,14529593.0,10027117.2,True,1.4490299365404846
2025-12-08,SET:TFG,11827321.0,8174078.8,True,1.4469301421464154
2025-12-08,SET:SCB,14837094.0,10705589.8,True,1.3859202787687606
2025-12-08,SET:AOT,76447306.0,56714641.8,True,1.347928922298157
2025-12-08,SET:TU,16373290.0,12530004.4,True,1.3067265962013548
2025-12-08,SET:PTTEP,11656069.0,8952374.0,True,1.3020087185812388
2025-12-08,SET:MBK,934954.0,740931.0,True,1.2618637902854652
2025-12-08,SET:SCGP,6247180.0,5074511.8,True,1.231089855776865
2025-12-08,SET:THAI,31620537.0,26513013.8,True,1.1926421205272408
2025-12-08,SET:IRPC,21234147.0,17915760.6,True,1.1852216310593031
2025-12-08,SET:PLANB,18230749.0,16130277.6,True,1.1302191724214343
2025-12-08,SET:CRC,14768964.0,13185465.8,True,1.1200942176801976
2025-12-08,SET:MEGA,867077.0,807498.0,True,1.0737822260860088
2025-12-08,SET:GPSC,5644407.0,5297780.6,True,1.0654286060845932
2025-12-08,SET:SCC,3029387.0,2845723.6,True,1.0645401401597823
2025-12-08,SET:BTS,50083463.0,47555349.6,True,1.0531614933180935
2025-12-08,SET:TCAP,3552818.0,3400813.6,True,1.0446964808656376
2025-12-08,SET:CPN,6287095.0,6193040.2,True,1.0151871773737235
